Distance_KM,Traffic_Level,Weather,Package_Weight_KG,Vehicle_Type,Driver_Experience_Years,Stop_Count,Hour_of_Day,Delivery_Time_Minutes,Peak_Hour
19.9779257046734,Medium,Rain,15.182832531656523,Van,8.143171985412078,5,15,112.56790251220008,0
47.634286707675976,Medium,Rain,13.085842452774967,Bike,12.493403923308442,2,8,158.4329622234289,1
37.135709206947446,Low,Clear,7.560520886008472,Truck,1.876333647546053,15,12,149.85697216142452,0
30.735607241457757,Low,Clear,0.6583767658479085,Van,1.9467444858391691,12,15,116.1157227385164,0
9.488894741236953,Medium,Clear,12.657860936569941,Bike,8.352275404174613,13,18,82.52932751892929,1
9.487736976137727,Medium,Rain,7.497836719774956,Truck,14.195679800375563,1,9,82.08643337901249,1
4.788013384073574,Medium,Storm,18.49790336740811,Van,6.224966375561314,9,16,83.93281241806247,0
43.57645499719689,Medium,Clear,1.0866834991268455,Bike,4.904131503820424,15,9,181.9586961781391,1
30.853520563674024,Medium,Rain,14.828281376991876,Van,9.100339847968288,2,19,126.84337796799588,1
35.98748373421019,High,Clear,23.5661188188986,Bike,13.956729008175467,6,13,133.83846688234865,0
2.9880557261985174,High,Clear,4.773027044231738,Truck,12.553917492669356,1,15,40.782217516465536,0
48.55567290377573,Medium,Clear,12.055412523389586,Truck,14.932254160998298,1,10,140.78367140531347,1
41.95724675842024,High,Clear,2.739838799519885,Truck,0.33852874803565636,9,12,173.1135385404287,0
12.192277312557255,Low,Clear,15.82920685040314,Van,1.6928721706914334,4,17,75.64266934407406,1
10.72759842594083,Low,Clear,13.988026174607526,Van,9.14201645049933,9,8,80.56024912389005,1
10.803416472964823,Low,Clear,10.480455343214393,Van,12.308646590007745,11,9,84.87709107875095,1
16.60362766205781,Medium,Rain,13.273737026106659,Bike,4.278665134601498,5,15,71.25690878696699,0
27.188308718347415,High,Clear,22.466079132490748,Van,3.5881663205132814,7,9,153.92802453984933,1
22.73336089482156,Low,Clear,5.309210406621142,Van,11.804636990718013,1,20,74.58071009343557,1
15.978998729506012,High,Rain,1.0528305367810074,Bike,0.8457278077984737,6,15,112.2028658235113,0
31.368938946674213,Low,Clear,21.610789675127975,Van,5.540739713738777,8,21,97.07625825970031,0
8.695705311298008,High,Clear,14.639368518503709,Truck,7.587138338884946,14,20,129.73682803944342,1
16.02294312969047,Medium,Rain,22.32113215881514,Truck,8.405230115254852,1,17,102.81532143105454,1
19.5853684780972,Low,Clear,15.125157973622729,Bike,10.929227351891653,9,21,66.74917267421523,0
23.891359242417725,Medium,Clear,20.34894670401271,Bike,5.322685851459873,3,6,83.31092405773845,0
39.68844614686465,Low,Clear,11.026997402201125,Bike,9.190265170119108,1,21,90.34576731017575,0
11.584341543601267,Low,Storm,18.871568316562584,Truck,8.780631341864344,1,7,81.97179621327025,0
26.683253043853355,Low,Clear,22.86951593880147,Bike,8.214241509806207,13,20,128.60720193032688,1
30.435899305378037,High,Rain,14.517012611194055,Van,9.607249397133183,14,12,174.1449239752571,0
4.229619810559891,Medium,Clear,4.929236188778298,Bike,3.8917375660211446,11,6,66.54063767074298,0
31.16215289126904,Low,Clear,7.085541568239855,Van,1.2697313037694347,6,10,125.87884436177676,1
10.185157936989993,Medium,Clear,5.366792133986442,Van,1.7890750805961515,11,15,94.2305505748404,0
5.122476463293417,Medium,Rain,6.547997176095456,Van,3.368735739808516,6,9,87.30167245109394,1
47.54650578816,Low,Clear,8.007178509100392,Bike,7.502969032841778,1,19,128.32898436224949,1
48.35033758757885,Medium,Clear,14.100777775453118,Van,12.606641258190303,14,18,182.65834634543756,1
40.80307270959013,Low,Clear,14.905794921863903,Bike,10.519400131325762,14,6,139.93040065846176,0
16.621460920321795,Low,Clear,10.949243807425598,Van,11.835609063030708,3,21,63.30363242536306,0
6.688261472306426,Medium,Storm,15.577809105610468,Truck,5.264634358891371,7,14,89.82587644410108,0
34.84318527258353,Low,Clear,2.498585677478465,Bike,6.069806124728252,10,21,119.89089589645623,0
23.127319699500863,Medium,Clear,2.650811807924919,Truck,5.905228289859192,3,20,107.6647633862707,1
7.857835272549384,Medium,Clear,4.709821778762632,Van,2.8780977660675227,3,19,59.6067480237257,1
25.76849168534097,Low,Storm,13.192898701988446,Bike,0.9182498721535803,3,15,111.40187842924666,0
3.650649013530483,Medium,Clear,5.742869628108682,Van,8.863741392408402,12,17,84.08580718849718,1
45.64737929978154,Low,Clear,7.440467885568145,Bike,14.838250251308791,7,6,119.75360432889886,0
14.421439116800812,High,Rain,10.307664486238355,Van,2.5024455742539424,4,22,101.35232074945621,0
33.80106964899113,Medium,Rain,20.390720038254305,Van,0.7002722984891063,4,14,127.84567921610565,0
16.962131652291724,High,Clear,0.8396223298650729,Bike,11.692975227358994,3,12,79.2375537861256,0
26.96326501653492,Medium,Clear,16.40978109579725,Van,3.788790100270863,10,14,119.68789138251675,0
28.242093408477423,Low,Clear,16.88747501049679,Truck,12.444657080293926,11,17,115.84810223201214,1
10.873013865225298,Medium,Clear,20.067066618737595,Truck,10.559050005517731,9,12,82.3925788405817,0
48.54006213269881,High,Clear,23.352447006977673,Van,14.185103055762069,2,19,166.07193953632344,1
39.2063755213335,Medium,Clear,0.9933772992576008,Truck,6.13390853635008,4,20,147.77927220698416,1
47.095949195081076,High,Clear,4.267700785073797,Van,9.929547591759512,8,20,188.19929339811253,1
44.95171282052714,High,Clear,22.21119670437183,Van,6.97282171219906,6,11,160.0174155872865,0
30.69919898293209,Low,Rain,11.733704773581877,Truck,9.458830459628153,14,19,146.76280625281572,1
46.24996328110961,Low,Storm,14.332470653869857,Van,6.74398359011606,7,7,150.9298646931311,0
6.247640098492136,Medium,Clear,16.74416649121711,Van,2.8294836963611223,13,13,78.82938254738052,0
11.40717739611897,Medium,Clear,17.137131810143117,Van,7.6184612400507135,7,18,87.4128672178331,1
4.170909867705827,High,Clear,23.327639881254452,Truck,7.928763021561635,2,11,56.28355856090886,0
17.615855876636687,High,Storm,24.925260726585908,Truck,12.159057723902416,4,10,146.8965707424256,1
20.656509905095135,Medium,Clear,18.143857792808035,Van,11.032810586903718,10,10,119.06571923269469,1
15.024753525147004,Low,Clear,7.536919625526195,Bike,9.956874359121661,10,6,68.76354642480106,0
41.77940043929261,High,Clear,22.05393385621142,Van,1.7008064332885882,6,14,161.13954223432577,0
19.124159681292284,Low,Clear,1.7059124062486593,Van,10.809244359955725,3,11,62.47118478174639,0
15.484856464994277,High,Clear,6.161480895425157,Bike,7.504577345317721,9,12,102.28430048308812,0
28.049411991595925,Medium,Clear,22.485950077861013,Van,13.411493041592388,13,14,133.3216555702666,0
8.764362798788607,Medium,Clear,6.776692103764196,Van,13.798064011958141,4,10,64.14194122158123,1
40.505455076193904,Low,Storm,5.905950960732837,Bike,0.8273488590267819,10,19,171.38172534238737,1
5.5784308966289995,Medium,Clear,3.884069681936057,Bike,12.309623405317181,13,10,83.16803448456098,1
49.37057295682483,Medium,Rain,21.548238062349455,Bike,0.5654608563400593,2,13,154.24268451788782,0
39.06774892623956,Medium,Rain,12.751427350181624,Truck,5.50754438542534,6,12,154.98455102904532,0
11.538352713640275,Low,Clear,17.034883474826792,Bike,8.134499634316187,1,18,64.65756498384981,1
2.265061621932915,Medium,Clear,6.3571264098382265,Bike,2.2215119794069116,6,18,65.18350674439556,1
41.14214856583204,High,Clear,19.071990314774805,Van,11.194707188536151,13,13,164.96662457382686,0
35.92915250468562,Low,Clear,19.120135851571412,Bike,0.12532056258207858,12,16,137.7031355749493,0
36.99234406596739,Low,Rain,8.158651610253354,Bike,2.5289857265105526,10,11,137.2850888611951,0
39.0209766409254,Low,Storm,10.56172450875193,Bike,8.711952447802135,1,7,114.63685402731737,0
5.554143283236337,Medium,Clear,5.637411797039921,Van,10.715813430559386,14,18,94.68035828226623,1
19.206354970125084,Medium,Clear,24.425745071411153,Van,13.749646540408742,8,16,88.44975032777401,0
7.561714857206226,Medium,Storm,16.317263137931086,Van,10.582449779019358,5,6,88.84960548153235,0
43.42896444202849,Low,Rain,23.39632507753013,Van,10.076689053822989,6,7,144.67324848093983,0
31.91831008772278,Medium,Rain,7.932945818913763,Truck,5.915117195259965,2,22,120.04861178408775,0
17.88310519292716,Medium,Clear,19.6563273684238,Van,0.019266382902021206,2,13,81.51550676817983,0
5.0508008137291345,Medium,Clear,19.263536775176178,Bike,1.8023888810343291,12,7,59.345111969997575,0
16.927151442351786,High,Rain,17.445563470730267,Bike,8.018318171340587,9,11,104.21682501359837,0
17.608799457283858,Low,Rain,24.15815489403661,Van,10.126948287666295,3,10,89.04674463048529,1
37.02109656022708,Medium,Clear,10.142105734604732,Van,6.261724258446938,6,21,139.141838415282,0
32.60275862505023,Medium,Clear,3.702574427949054,Bike,10.960185172925852,10,13,122.77127043161424,0
44.586211643663674,Medium,Clear,16.956867051479488,Van,7.827934429982681,5,21,156.27459217256308,0
24.666316407773564,Medium,Clear,18.36809011169155,Bike,1.112642933914683,14,18,141.4685108382961,1
7.740523805038482,Medium,Clear,14.58898404974096,Van,2.8802437645192325,12,12,84.58429566627643,0
36.235749786703764,High,Storm,5.567038381768208,Van,12.599973348659145,4,21,164.98813577813615,0
38.51768233361108,Low,Clear,12.859170570899206,Bike,10.873691199366592,10,21,121.26694343555106,0
28.941305483335817,Low,Rain,8.14864854594367,Van,13.421429805187424,2,17,95.89399595841968,1
39.006424637818924,Medium,Clear,10.972929940083882,Bike,1.7633587368140486,8,19,153.77800563371866,1
25.702188625490756,Medium,Rain,16.307855108194268,Van,14.85333801922611,10,21,128.35000570450592,0
27.091175810335713,Low,Storm,18.757761195925447,Bike,3.141100709249004,7,21,115.0453425292636,0
22.521968881210384,Low,Clear,6.189504927082907,Truck,0.17669814429963016,11,18,126.28564806512642,1
3.220118083716569,Low,Clear,10.430471335850356,Bike,14.961344085803313,2,14,16.01995741376679,0
7.178788495678614,High,Clear,7.094458489294915,Truck,4.216108281676697,6,14,86.51430681294127,0
3.508600912963244,Low,Clear,5.366474539615793,Van,10.020291787688398,14,18,78.08922568359472,1
32.54769974066146,Low,Rain,19.69298688989804,Van,2.650234712644578,8,9,139.06286193771726,1
17.08908709166368,Low,Storm,22.776691013706316,Bike,8.703427982987126,7,14,95.75558818167926,0
26.411393175905733,Medium,Clear,9.57068854927213,Truck,13.560524796818388,15,20,141.78056352791273,1
45.56319074845246,Low,Clear,18.90633364715729,Bike,4.802717511426579,1,19,133.964048174277,1
13.966026999145997,Medium,Clear,22.476384589428072,Bike,10.053809640665389,5,17,77.78016868117221,1
21.698380305710227,Low,Rain,21.230043157990675,Van,2.8185538319762475,2,11,81.05542922831965,0
38.266454650066336,High,Clear,4.978928019211034,Bike,9.37193098078088,6,8,148.11959700809078,1
12.982311943597878,Low,Clear,23.92915109707735,Bike,5.046755277262652,7,21,69.0325081830534,0
5.695035671782064,Medium,Clear,9.72857279052183,Truck,3.168123878819275,14,22,78.07530841724233,0
15.908069739860865,High,Clear,8.81139619875899,Truck,4.697730760554527,14,21,125.46652041008848,0
9.738621788192212,Medium,Clear,2.029567518305618,Van,2.6826160276169904,7,11,64.3235517629081,0
46.62548731244351,Medium,Rain,12.411254525569634,Truck,13.528741617568242,3,13,145.80572256779104,0
40.789778219092014,Low,Clear,3.170833583202753,Van,5.957803294756933,7,7,118.79970762019708,0
32.403380312500325,Low,Clear,6.589225612721937,Bike,3.67918957461551,15,19,144.20688983959144,1
43.83010832901045,Medium,Rain,8.265094233298395,Van,6.726117615238993,5,17,161.68122085393503,1
40.576259691157496,High,Rain,20.316244925546258,Van,4.808042502097433,8,22,177.22490483204643,0
10.95536282652972,Medium,Clear,21.949471934699464,Truck,11.166288807199889,15,20,120.06493359308341,1
44.84283192751893,Medium,Clear,7.910424777806007,Bike,14.568298678282416,12,21,137.47187129502746,0
27.888427611951236,Medium,Clear,21.53810397049206,Van,6.570504850464703,8,18,123.95648079723055,1
40.757127447875,Medium,Clear,21.50215796555988,Bike,12.915500999583605,7,22,130.474176584612,0
45.01238239632767,Low,Clear,19.233948284429403,Bike,8.487946103394293,6,13,128.62528473673115,0
17.264166798649466,Medium,Clear,4.094030293371947,Bike,2.358534976413502,2,6,60.553003420611624,0
7.282492377328484,High,Clear,17.41290974906786,Truck,10.359341131220123,6,8,107.26032370143669,1
12.9408878020132,Low,Rain,23.653089582223934,Truck,7.701517456887302,13,21,108.50482247887545,0
22.501173854060305,Medium,Clear,17.22224172979535,Van,9.759097848781552,12,7,99.56516206535535,0
41.26470876427967,Low,Rain,8.624612803141932,Van,13.345311188574975,15,20,172.88813569452284,1
43.315067996304485,Medium,Clear,12.764193277055366,Bike,6.6065185598406915,11,6,151.10903009718712,0
2.3337022654971538,Low,Storm,16.320263562100813,Bike,13.517664348260334,9,14,73.98310607679085,0
26.515870523723155,Medium,Rain,13.008975013848337,Bike,11.260035214224823,15,21,120.32095681530896,0
22.03572815114139,High,Rain,3.4388470724087608,Van,7.329073888169772,2,9,136.29777778723872,1
12.661174902595052,Low,Rain,8.145569093974505,Van,9.048332034869455,1,17,61.72330304790501,1
7.753537632016775,Medium,Storm,20.158702748563996,Van,4.883716987785172,11,6,110.23456971366238,0
18.205528227374142,High,Clear,21.604742129340178,Bike,14.753959496081613,13,6,109.95979843338152,0
47.25966578780092,High,Clear,3.8638508015314708,Bike,10.01026744575594,5,12,149.3061272070051,0
17.51374073699625,Low,Clear,23.833475433768754,Bike,0.6577027874494484,11,20,92.83043987740933,1
26.90194984368157,Medium,Rain,8.556154137290928,Van,4.899328586220132,6,18,139.83457484650765,1
35.74491002696854,Low,Rain,16.72668659890264,Truck,9.349716506385862,3,21,115.85619034590599,0
19.45422091420611,High,Clear,18.919716075938688,Van,0.844999166988597,8,12,116.1319240026437,0
48.64553997060611,High,Clear,20.392682748628143,Truck,0.3582628697871415,7,21,203.37087184565223,0
48.19747015722134,Medium,Clear,23.67086770453529,Van,6.750363592917038,2,18,166.59448884011337,1
14.08555019961748,High,Storm,8.166528926706153,Van,4.99035269539005,12,19,145.50732319781503,1
25.8679282828345,Medium,Clear,21.533408136513085,Bike,6.574479120497489,7,22,99.30450457070168,0
16.442158871204946,Medium,Clear,3.7263291341870723,Truck,3.9403996482000774,15,17,130.40305467981523,1
15.672343730118445,Low,Clear,17.77350220566302,Van,2.470766204144714,15,18,121.88910832303706,1
3.770573473017574,High,Clear,18.678454373092656,Bike,10.337150354705065,1,20,78.58253678592217,1
31.25908803103505,Low,Rain,17.10421940943235,Van,7.718566744017007,9,9,124.71682219605425,1
26.12859311498535,High,Rain,6.681711035311248,Van,3.0023131687405025,13,7,157.23580763916695,0
4.470980059999489,High,Rain,21.889557101872484,Van,4.793841393899974,7,7,96.76378249401463,0
15.375030283357349,Medium,Clear,4.6370323525746775,Truck,8.87711861494989,6,20,89.03027824414428,1
45.596762526399374,Low,Clear,1.8140523922603555,Van,1.0834402240871677,13,20,168.19896450388177,1
13.498970752014676,Low,Clear,18.07789226999185,Van,2.2117951389926933,2,15,44.21290868128912,0
8.954953860378708,Low,Rain,12.149155023201976,Bike,1.0986840616108517,3,16,50.06700593645534,0
25.493732493323023,Medium,Clear,21.302901488987562,Bike,12.184759990711783,1,15,82.65117169166642,0
49.31122179730883,Low,Clear,9.893229955927344,Bike,11.286138498180138,15,10,187.6713473322861,1
13.61865303255202,High,Clear,4.622825418438964,Bike,11.299693978188856,10,14,106.03019405710621,0
34.26250627548217,Medium,Storm,20.992833715511807,Van,10.744880152140421,13,18,173.89470547186247,1
38.55774153577845,Low,Clear,13.948285975181756,Van,10.040781355048038,5,22,125.33917982484223,0
13.406602111635184,Medium,Rain,5.135296913563694,Bike,7.154878730672625,9,11,70.97321353911981,0
36.95438473336926,Medium,Clear,18.14940796536792,Truck,9.634172452606725,13,15,148.26516189065953,0
19.653590370524157,Medium,Clear,13.022284142992763,Bike,0.5754233218196197,6,7,86.92087875113053,0
32.35067986849182,Medium,Clear,15.305668064887836,Bike,9.32196633985177,5,11,110.08522158754612,0
32.409426116522944,High,Clear,11.792009286061257,Bike,11.668165583053158,12,18,157.9454909644045,1
27.717184835588405,Medium,Clear,20.803370103541155,Van,7.505375405765853,3,12,103.18027404366569,0
6.3339089626115985,High,Clear,20.824286534234723,Bike,5.362699926408554,5,7,70.4692806595191,0
42.09451978828342,High,Clear,17.880026134697463,Van,4.161401022014687,8,19,187.21354137079192,1
17.39744311864332,Low,Storm,3.0823337462133256,Van,9.642030752431237,12,10,130.17425216953075,1
10.952888499193003,High,Clear,21.051919616649688,Truck,10.392017979448632,2,16,76.8344092089162,0
3.957206794628668,Low,Rain,16.93981802305629,Bike,13.064513997938139,5,15,47.92232957942504,0
30.362861273035605,High,Clear,17.577092067105337,Bike,5.135011236914861,6,16,143.38975075880197,0
34.52308936842955,Medium,Rain,9.393079589894855,Bike,11.546584610783784,10,7,128.61503914006386,0
2.7962157885370953,High,Clear,22.042349125846663,Van,8.420337362840069,8,20,104.53291916602849,1
26.580466798365485,High,Clear,18.27160420575401,Bike,13.242547360171187,8,12,113.6102480074811,0
12.871797209501022,High,Clear,3.2584664299652646,Truck,7.917181624434312,15,14,129.4072794594466,0
32.96829393965359,High,Clear,10.490561842950985,Van,7.764447425969508,5,10,140.62289736866902,1
10.36958859223959,Low,Clear,22.21631886802347,Van,8.668156221613636,9,12,73.77958093069448,0
35.16501142891836,Low,Rain,1.6563191915857853,Van,11.239730327136517,4,7,109.38801748374996,0
20.563296622425796,Medium,Rain,24.054707181230214,Bike,14.470357182426914,12,8,112.80004659343467,1
46.96303945936326,Low,Rain,17.139482923829288,Bike,1.1034503132364848,9,7,172.75916456323546,0
8.601005319007676,Medium,Rain,15.968711452262728,Bike,0.8015190358652574,11,9,98.70642956935227,1
18.37118485041241,Low,Clear,7.12870178395579,Van,14.063255061110077,7,12,59.50425375554942,0
7.446729019548275,High,Clear,6.5953988241098385,Bike,7.948134382773092,6,12,65.21717567985411,0
46.38529367737101,Medium,Clear,23.580426377470587,Bike,9.223545218504041,4,22,159.17193701363263,0
44.11228896228709,High,Clear,7.807675128736007,Truck,7.236354023920933,2,21,139.96093009231137,0
14.38119813032747,Low,Clear,19.499879769615486,Bike,1.4048617891121173,8,8,89.76565251626518,1
33.6792342096406,High,Clear,10.13148405607344,Truck,11.521340676279998,6,20,142.4379635290818,1
41.22666560965836,High,Clear,3.9117247342252472,Van,11.208369676328804,12,19,171.4874063518446,1
28.64963895677419,Medium,Clear,0.7625247935362942,Bike,4.675549822392179,15,20,130.76026897169078,1
27.423227761088313,Medium,Rain,13.834304756873644,Bike,4.593588678426006,3,19,122.01958242694663,1
13.60890996322168,High,Rain,24.40658105444885,Bike,12.567620713582778,7,12,98.13804990728804,0
6.468932854683162,Low,Clear,9.54383674832551,Van,1.0853588661198992,10,8,69.65277810073465,1
45.06635638175968,Medium,Storm,9.2512121828296,Van,13.216577225348487,7,22,173.79627426725042,0
45.220066743839865,Medium,Storm,8.930244637311331,Van,3.8499253484387164,6,15,179.3595579024177,0
32.38886994911686,Low,Clear,13.253324013969031,Truck,8.894771216332408,2,20,115.0361091853265,1
18.27342997033763,Medium,Clear,11.296289643895191,Van,14.039912685026666,8,11,95.28867667547787,0
18.762059581407723,Low,Clear,22.057908354811854,Bike,10.171837523049696,1,22,53.06724685712375,0
36.84587258577149,Low,Storm,12.885259397225513,Bike,6.216447187005548,13,22,159.17660030079756,0
45.0612924777237,Low,Rain,12.940067035619935,Truck,10.343013133581227,1,19,142.62825914828983,1
44.58014836472563,High,Clear,3.8901040706536367,Bike,5.159694544745553,6,10,156.25144224782727,1
39.43402620116595,Medium,Clear,24.577118752304457,Bike,4.158876245237792,5,13,132.7837194163323,0
32.817519015405814,High,Clear,6.624335826286327,Van,14.950249169020196,9,12,135.8262832888725,0
6.038718319762344,Medium,Clear,2.297419652760265,Van,11.261853467696815,13,9,87.83823994424935,1
9.75817827654146,Low,Clear,16.747083099892617,Truck,9.670799660727264,12,10,95.58383468671934,1
45.130601049299806,Medium,Rain,15.08647606884338,Van,5.329344648289782,7,21,171.5993326836018,0
31.108594863660315,Medium,Rain,10.67106852282227,Bike,0.7374124373257224,2,19,124.94849288053452,1
2.441458477598223,Low,Rain,10.843709730076613,Truck,0.4658531405273342,13,19,87.13647438989123,1
6.870634057569541,Medium,Rain,19.734066065637563,Bike,8.312718831731981,12,14,83.39013490857651,0
33.84808491718668,Low,Rain,5.294959682441402,Bike,11.430490815585767,7,11,109.07990978729416,0
2.242956024618497,Medium,Clear,20.5962063141498,Van,8.060687856657825,15,22,87.56333377037241,0
9.718786468039935,Medium,Clear,16.394304290427947,Bike,12.611776079086718,3,17,65.8832206946692,1
28.339221889596132,Low,Clear,10.764759457598347,Van,0.5013979963983245,1,9,91.52732070599832,1
35.21096948924928,Low,Rain,11.721701106304781,Bike,5.501281146389101,11,21,138.60936625501094,0
33.29414045612482,High,Clear,6.787856576059347,Van,3.556055867612671,8,16,146.93903682135596,0
12.76492685410687,Medium,Rain,18.926801151075882,Van,6.70909452235683,14,9,126.19676347814311,1
36.18460262468172,Low,Clear,13.06543118647906,Van,1.0856458979118373,12,22,143.89648168034057,0
13.387956199846403,High,Clear,8.360936297371168,Truck,14.311974623566089,3,13,88.85510773483625,0
17.61918551164485,Low,Clear,15.103227836143281,Bike,3.348831016040414,11,19,98.34974913315024,1
37.83158744566516,Medium,Clear,24.895494075257414,Van,13.834616632253772,8,7,126.67393213292203,0
33.1823791542663,High,Rain,11.163925851585569,Van,6.388397325550227,7,16,147.70287896939064,0
42.76272370372054,Low,Rain,23.05693931907618,Bike,14.78286199882827,12,16,152.61452511428587,0
33.56541883041648,Low,Clear,8.952912578151869,Van,8.310875751903161,15,11,131.48590071812,0
29.278812960102638,Low,Clear,1.840951319662154,Van,13.962492962637112,2,19,83.9803384419523,1
6.496388855748439,Low,Clear,5.503931606026508,Bike,0.08023483041334267,13,15,68.45561946059092,0
19.650358546852807,Low,Clear,10.758031011528264,Van,11.223582092713501,14,13,80.74922862301622,0
14.729713648722822,Medium,Clear,5.881055750566941,Bike,13.545759796537732,14,12,87.03144312498218,0
13.711502882196012,Low,Rain,0.5055624363472606,Van,2.095808504684311,1,13,65.47493358572663,0
48.704506628117386,Medium,Clear,22.91753767481442,Bike,1.4418877759822724,7,13,166.26104948689567,0
20.8686907840045,High,Clear,21.17504557515776,Truck,6.368589107789334,13,7,107.14928297646851,0
44.81823464850144,High,Clear,18.686159671430204,Van,14.005183591994028,1,21,140.39545240248296,0
32.29465404786862,Medium,Clear,4.611457593327701,Van,8.135798402856581,6,14,117.94781670246046,0
40.150942569999124,Low,Clear,3.448907617144658,Van,7.9118469558259825,13,18,144.8010571758794,1
26.126580469049223,Medium,Clear,2.156316362073387,Truck,2.116891774489828,11,17,135.5640369397915,1
29.69138646206524,Medium,Clear,18.23871512493657,Van,0.011842666398281798,10,22,140.35686042442873,0
25.640849303305465,Medium,Clear,23.25579503685319,Bike,12.152101361181918,11,7,107.95440830860315,0
11.371663414306136,Low,Clear,11.048127612369406,Van,1.3136184447935735,10,18,102.62274277121037,1
36.677701532552256,High,Clear,3.41894646390318,Truck,9.507747281029859,8,6,142.35189107755707,0
15.477073397161078,Medium,Clear,13.053624107936612,Van,13.719246817727871,7,16,88.92197383029414,0
3.1671663887097843,Low,Storm,9.046381732736439,Van,3.129778697376465,4,10,76.89868514268784,1
32.98267020354405,Medium,Clear,9.683210646574944,Truck,9.979092543553662,1,6,97.94110584165311,0
10.50131261153835,Medium,Clear,15.722600291814828,Truck,1.180478650612642,1,18,90.9671275903839,1
47.14201204893989,High,Clear,18.108593774923957,Truck,9.056327157564194,4,13,155.15357297418737,0
47.788571696124194,Medium,Clear,3.209788172392441,Bike,2.458975814298041,5,11,136.92332498789753,0
45.91349073058153,High,Clear,1.3719606547586713,Van,11.03930340772767,12,22,177.5777783685786,0
19.767617612261333,Low,Rain,24.861092415800016,Van,4.518469421908623,7,17,112.22190471099898,1
2.7419175933856366,Medium,Rain,6.20184454843102,Van,6.950865132069693,14,6,85.83388224176652,0
46.55929100421082,Medium,Clear,1.8188478602572473,Van,8.991458130414326,4,8,148.92732387077245,1
22.552839119231088,Low,Clear,5.151945562850039,Bike,2.569101159993594,10,19,96.76899799039771,1
48.39943131409614,Low,Clear,1.4544672355373733,Van,11.124567279264314,14,13,151.8701124956278,0
48.25375890028414,High,Rain,10.099366918120706,Van,4.539605109552218,12,16,207.62455816589897,0
42.944453862433285,Low,Clear,20.158843719057444,Bike,9.935577898691303,1,19,112.88908431168169,1
16.13354681934011,Medium,Clear,8.860489019064156,Van,2.374245760490605,11,13,111.85131701762778,0
20.484690972892412,Low,Clear,11.38249346851998,Bike,10.321764888095254,10,8,100.31965283633744,1
42.854560232809135,Low,Clear,17.051875952402252,Bike,1.922821092156926,7,12,126.93549297497059,0
17.21225624750133,Low,Clear,12.967904716712065,Bike,6.380347444049754,2,9,54.28502856429348,1
10.13565184093244,High,Clear,21.605419307522443,Van,3.7080911060831525,13,21,95.92837324987295,0
28.726460598000806,High,Clear,21.717874038621034,Van,11.225628741422739,11,18,151.97189503710175,1
46.935429159717486,High,Rain,0.7428120395332642,Van,3.9305250676031185,2,10,172.55715578507207,1
35.409430240398706,Medium,Clear,19.56213450883838,Van,13.225759595930944,8,10,143.10887452593022,1
29.36293616428952,Low,Clear,11.78797320592101,Truck,13.377303171099193,12,9,144.77556232133944,1
6.66447170099689,Medium,Rain,24.726593261939744,Bike,2.946619728341788,10,7,89.25960173136056,0
31.520346881560148,Medium,Clear,12.339185858948161,Bike,9.207689175115863,10,18,134.26781658801494,1
49.52258480500464,High,Clear,24.67895066201329,Truck,1.3157646257994648,10,21,206.26946245599547,0
8.724032731353153,Low,Clear,18.986949349540545,Bike,5.873056494024437,5,7,49.34509050000942,0
26.87982331345936,Medium,Clear,6.5908196730260045,Truck,10.699825942519084,10,22,129.6802093712359,0
44.11390745254186,Low,Rain,13.690676992530463,Truck,9.891348702748743,2,10,141.55256403383987,1
37.556893652201815,Low,Clear,24.807323167225277,Van,9.37051004109912,5,13,106.62899493563276,0
35.45675556777286,Medium,Clear,21.50949988992213,Truck,4.238112954936653,8,20,139.14003863658485,1
35.71923603138124,Medium,Clear,2.885488897884917,Bike,5.67037424151603,6,18,131.21265093025835,1
19.255575258548248,Medium,Clear,17.806113921844904,Bike,1.5441921705042927,3,18,85.48191951819172,1
16.09240852469568,Medium,Rain,8.96669985383492,Van,10.785342306504015,8,21,82.92294479805206,0
40.849335462968654,Medium,Clear,0.6710654160685289,Van,7.558331951869103,15,18,181.3313006838743,1
40.885442944600676,High,Clear,10.38528374116149,Truck,10.631484485184819,14,7,163.3008232019927,0
43.619471291844974,High,Rain,6.251483332261797,Bike,3.7341528719530914,9,8,187.99200149076665,1
45.83554652271062,High,Clear,20.562297127751552,Van,4.866573429525993,5,20,178.47588591889036,1
26.544435145325014,High,Rain,8.764599916721254,Van,5.01323005890172,13,18,167.19183243009917,1
26.07278214498558,Low,Rain,20.77433050186852,Van,0.386136146208243,2,10,123.39504722762348,1
40.31816859040521,Medium,Rain,0.514649501452485,Bike,5.115718092459353,2,11,118.18199332154526,0
33.19826867733273,Medium,Clear,8.04156917563992,Van,12.049568602770503,7,19,142.29067331617637,1
35.69441010836976,Low,Clear,6.408547750540167,Truck,13.459477436246077,1,9,95.92147155292928,1
40.198048132932854,High,Rain,6.222400346180969,Bike,7.773274734538912,10,12,169.60085452251622,0
44.720256407243184,Low,Clear,2.170572184253836,Truck,6.832525428288304,12,9,178.48923104876206,1
18.22376752887372,High,Clear,5.084544625057292,Van,0.4623692804905538,2,7,60.06958307981791,0
20.027981726717314,Medium,Rain,14.110964462197687,Van,13.188065063780739,10,12,107.16680190848204,0
6.511133112361712,Medium,Rain,7.63834628452474,Van,0.19515320138809078,4,8,81.90794632634027,1
29.75744676781635,Medium,Clear,10.726172167064124,Bike,14.171251203153176,1,20,100.45833025878943,1
3.72522914224362,High,Clear,9.733238568506119,Van,7.33824373032136,4,6,76.4240059955768,0
24.348704870358088,Medium,Clear,21.959670662497416,Truck,5.1290174036208995,13,7,124.04077459313658,0
28.046942465963678,Medium,Rain,22.679825475757628,Van,13.863276522639902,12,15,124.07452288208745,0
15.753980102157652,Low,Storm,12.577445805568571,Truck,0.36586489665145105,11,21,119.40115180144808,0
30.359996507312516,Medium,Clear,8.588820782732308,Van,8.721373423036306,13,20,154.81548838206288,1
3.4640119970743726,Low,Clear,3.116617248057909,Bike,8.233987867490065,10,20,63.5935312012304,1
3.792713059962292,Medium,Rain,23.858370544861327,Van,3.289806018170731,15,19,113.33712958273034,1
41.484826911663596,Medium,Clear,1.9755601500572877,Truck,6.433311470253159,5,19,148.97756805948006,1
19.289150787740617,Medium,Clear,7.792431800422871,Bike,9.783960089156553,9,11,72.28087216000223,0
8.09890460729047,Low,Storm,7.8026219286651015,Truck,10.906967953228913,1,19,81.50983367742639,1
27.06767648263061,Low,Clear,8.349831510435266,Truck,0.010752880598696724,12,22,126.10545164962942,0
38.95969054873332,Medium,Clear,4.525027660174027,Van,14.05280145136523,5,22,114.51416918195591,0
12.359409319848472,Low,Clear,19.68745505763058,Bike,2.467880585892186,2,21,46.38924637078029,0
31.898742839312014,Low,Clear,3.501197618166736,Van,3.5037065133353877,9,13,104.21385603449262,0
6.096678319700864,Low,Rain,16.055213149252488,Bike,3.9521016854077233,6,12,62.81532333956848,0
4.4807226160931695,High,Clear,3.5342276542925277,Van,0.5673020482805297,2,17,73.71379755022792,1
27.505022315271106,Medium,Storm,2.2281231210274357,Van,1.8457818538548736,14,14,154.61982936429607,0
27.950485837285115,Medium,Clear,22.781022840303976,Van,14.79524884416243,3,19,115.66234069155514,1
32.59663527191391,Low,Clear,5.158154774808289,Van,4.728251060659291,14,6,131.35114334830175,0
36.85238401868776,Low,Clear,20.620628786712754,Van,1.7295163550857402,8,15,132.41510091053016,0
48.84089981420166,High,Clear,13.843456342124828,Van,1.6048689176193498,1,22,160.40999262517585,0
26.782416718457377,Medium,Clear,2.407484730414855,Van,10.791899515049579,12,22,117.70736350519337,0
17.501910701179806,Low,Clear,23.908480690232654,Van,12.818529960489613,3,22,64.11845065069933,0
40.16893734889778,Low,Clear,6.550548591301367,Van,3.8542844926270483,13,9,162.20425265522107,1
14.999948060579563,Low,Clear,21.561310961138858,Truck,0.31364268502852455,10,22,96.30748715536292,0
23.070628193870533,Medium,Rain,4.6358451417218225,Van,3.346350276680337,1,7,81.90318391880513,0
5.765906304428766,High,Rain,21.421600612475395,Van,0.84773536195136,11,13,102.72681178426673,0
3.2168356839419605,Low,Rain,0.8241059161797026,Van,1.5509240494506227,11,18,79.49787022775875,1
48.2071239045404,Low,Clear,13.038621185952277,Bike,6.472621797714636,8,20,160.0556386188649,1
42.12704578458588,Low,Clear,19.351343195828143,Bike,3.4487755629244887,1,14,124.47283729689914,0
35.4067618924975,High,Rain,23.402490178573192,Truck,7.739188177881351,13,8,187.38861293062365,1
21.629741331884954,Low,Clear,22.775452337058933,Van,3.8024062988578553,5,8,106.54412761207276,1
10.318127363400597,High,Clear,20.5808093039173,Van,14.108059516544214,4,7,71.06514374437356,0
9.50897804821213,Medium,Rain,22.26068806670195,Van,13.589159518893968,7,6,88.80379959945444,0
14.011659111900576,Medium,Rain,5.380882303008375,Bike,8.50209157515699,14,19,132.20603704648423,1
28.362879905893784,Low,Clear,7.462515244937355,Van,5.3163598798107925,5,22,78.77301867581646,0
36.300604289602994,Low,Clear,7.579728860565933,Van,5.717203230521034,8,18,131.32980342824888,1
33.6894740824511,Medium,Rain,9.737821309541621,Van,6.1777842471674544,12,20,143.78089558585765,1
15.436827053405256,High,Clear,10.136356424437123,Van,10.913689832024161,14,19,117.25910420395239,1
47.83353347183332,Medium,Rain,13.841605454039549,Bike,6.7745849327825685,11,7,158.6384656786915,0
37.41905200139689,Medium,Rain,4.417054202477814,Bike,12.850949197588461,1,12,115.57965181435993,0
28.608994520547235,Low,Rain,17.435543262756738,Truck,14.161421788955469,5,22,108.20895981062125,0
31.36259581924891,High,Clear,4.605380212960409,Van,5.039192300684007,4,11,129.98819567362492,0
22.140802996533914,High,Clear,8.102557811561415,Van,8.410417220635201,3,13,103.68066019691231,0
13.891087496055558,Low,Rain,12.831955699850774,Bike,1.4258480524884665,5,7,74.7914171160092,0
19.086688575260556,High,Clear,20.012793757325195,Bike,3.007035716495385,10,6,117.48442051819819,0
38.37661330228972,Medium,Rain,18.616996214348816,Van,6.201986500652402,15,21,168.9358662967745,0
2.6908874542282817,Medium,Clear,16.315591732057797,Van,3.0930407385266827,3,12,55.31275877105931,0
7.571486744331979,Medium,Clear,4.316444884214169,Van,13.148407361830763,8,16,60.74752376973301,0
4.208126817044132,High,Rain,13.902610967581655,Bike,2.3742938408864713,13,20,120.42578961615028,1
3.9549825113105666,Medium,Rain,2.6424392940971932,Van,6.834912323296379,3,18,48.515602746923044,1
43.06210803252834,Low,Storm,9.745397831517943,Bike,9.085488606898135,1,7,121.4785833802025,0
35.775577250241135,Low,Rain,10.631154992104,Bike,10.377958622412667,9,19,145.9666013289989,1
24.76034379619161,High,Clear,1.4753802664209688,Van,5.746040545897601,15,11,135.0448275406853,0
6.696039711248071,Low,Rain,7.212708437014309,Bike,13.036486030870927,9,14,44.66368635034476,0
25.597562005607955,Medium,Rain,23.91341194802899,Bike,8.524787266168882,6,12,114.9948394330635,0
24.726644997467154,Medium,Clear,23.863998891827393,Van,6.592616706713277,10,14,116.48759984342415,0
10.313689755680729,Medium,Clear,9.132012829187213,Van,1.0086095107805493,1,9,68.82392097358,1
22.824879163422708,Medium,Clear,1.5559526692339394,Truck,6.970342026677475,8,14,115.25593172234858,0
21.128227251073923,High,Clear,4.887826013540447,Van,12.311037612235953,2,9,115.04348183063637,1
31.56080470650639,Low,Rain,10.109335939121733,Bike,9.218115273319732,9,17,128.09484811743033,1
32.484495241646904,Low,Clear,23.72060260024613,Bike,12.482436805936775,14,9,144.56115343551429,1
4.174592469058137,Low,Clear,3.9593770566610305,Truck,7.4101750589895845,8,19,47.73211485665913,1
19.98140550207062,High,Clear,19.2061381698712,Van,1.7769255764172276,3,12,112.00657226605473,0
32.04127595428335,Medium,Clear,3.162722214679956,Van,0.20459768753821606,13,18,145.74138965464246,1
26.15054041184421,Low,Clear,24.540810646086282,Bike,4.548293200778868,5,13,77.86470258822975,0
43.11151237703947,High,Clear,9.849604228173806,Van,10.469857072466887,9,10,162.63468266864174,1
33.61729431770936,High,Storm,19.49324620302687,Bike,11.853898559125406,13,17,175.39714970449054,1
9.820852499908625,High,Clear,8.89348152887273,Van,4.436292519304941,1,18,92.812164346664,1
5.3872998752206325,High,Clear,15.877887490390814,Truck,7.434808813248707,9,19,108.51063097080205,1
32.83612535390315,Low,Clear,5.2043940761308995,Truck,6.316783566511225,15,9,144.8807097111481,1
3.272542905997847,High,Rain,4.077514972775582,Van,6.157841765271418,4,12,77.53964351535525,0
30.11722790112624,Medium,Clear,23.482571419419216,Van,3.4702306980022573,4,20,122.94076538719928,1
47.131051588397966,High,Rain,22.98235830865862,Truck,2.0455665754418755,15,11,217.68488117406153,0
29.62276053804219,Medium,Rain,22.24298903521562,Van,2.9503283734681967,4,21,117.73638443206059,0
20.63215645791305,High,Rain,15.82311952908154,Bike,0.8299858074501915,10,13,129.30514236568874,0
32.87783448523295,Medium,Clear,20.302571174798818,Van,2.9719611273536555,12,21,134.79399161466804,0
23.996138743592798,Low,Rain,2.1914049543286853,Bike,0.13801346438069184,9,21,96.36954516800616,0
28.189605887164877,Medium,Clear,8.70233152632164,Van,9.408876009539673,14,8,147.88861762596457,1
47.19031082127321,High,Storm,8.185726556550328,Van,4.745631110815244,6,22,196.52541494703146,0
20.532926614437166,High,Clear,16.073310387839022,Van,14.59717067140363,11,14,113.80736773213762,0
48.137147063547886,Low,Clear,9.220965450030693,Van,2.905755761644468,8,8,150.6001348838522,1
45.45683081389106,Low,Clear,4.13841615027018,Bike,5.187428554643908,12,12,165.0735069587296,0
11.397974469886229,Low,Clear,15.11344334763182,Van,5.367617379622998,14,17,100.36472836757237,1
5.329342442007942,Medium,Rain,20.452406056392498,Truck,0.1267724409369081,4,21,77.27860417466454,0
6.837344066116479,High,Clear,9.862025614269342,Van,12.588119295591884,3,22,52.33273208667636,0
2.874647631274387,Low,Clear,3.7405835199128017,Bike,0.4799169021648708,14,20,85.9713638909167,1
6.533262116284563,Medium,Clear,5.318860834164165,Truck,14.102697520938621,1,6,52.89578203630144,0
34.78432512398513,High,Rain,6.318340976649908,Truck,13.38111526640431,10,7,144.3677635403488,0
5.417055126090991,Medium,Rain,7.847491028366138,Bike,8.032828741289453,15,13,86.41879512329342,0
17.310830254100544,Medium,Rain,16.248479227404573,Bike,8.153933623669381,15,7,114.80415162472019,0
42.55401492653382,Medium,Rain,15.223164371174116,Van,9.806668844342346,7,14,170.2091798251862,0
3.1170529153196416,Medium,Clear,17.55395660839246,Truck,5.805750179023304,4,14,65.90571154044508,0
41.09448716426892,Low,Clear,9.381298621022072,Truck,9.708334250967832,14,18,153.31843156622173,1
15.529029189123197,Medium,Rain,20.68794247105947,Truck,0.6715258303273031,8,11,103.04300598028581,0
7.6719117258395,Medium,Clear,5.500147698316127,Van,0.8107144102458985,14,20,97.01073384161604,1
35.44338393747923,High,Clear,11.991498314194772,Van,6.858456294293165,3,20,148.65911505179534,1
32.18925664543443,Medium,Clear,20.122998677765043,Bike,8.244334516590524,1,12,110.84161759001634,0
44.11865664929854,High,Clear,4.913886869449172,Bike,13.317264605037286,5,16,144.00048560913675,0
37.283410102586515,Low,Clear,3.191646286649182,Van,1.5699095086184438,14,13,144.89398071062544,0
40.56708465847273,Medium,Rain,22.150257208355747,Van,12.33971890790834,2,11,126.81393151049271,0
15.537659483422711,Low,Clear,8.901776737600299,Van,3.1507100593810438,3,13,64.744366259461,0
10.517098101426695,Low,Clear,17.254818060271283,Van,5.911254727650478,14,7,79.67245568999725,0
38.0295080787612,Medium,Clear,1.1210408044664928,Bike,4.749036522411194,6,21,109.13197658626383,0
40.72806748482867,High,Rain,17.406148766031514,Van,6.002329092980984,3,12,158.33900293343027,0
49.54424681603232,Low,Clear,8.244482132900778,Bike,2.257432471088783,3,15,130.99814639202248,0
21.80564849174847,Medium,Rain,1.8656509128923227,Van,7.553551116053324,12,17,123.80498326303824,1
19.85686811805359,High,Rain,15.440412657928867,Van,12.02463884747051,6,22,125.6326258128486,0
39.26782211561585,Low,Clear,6.3996934937927445,Van,6.623010155683454,5,12,109.19906133694185,0
18.358569932144857,Medium,Storm,9.97677743027106,Truck,7.359203638472986,10,13,131.86617355604585,0
46.676351628971105,Medium,Storm,2.4742299010195827,Bike,12.731513779219714,9,12,166.46835750131623,0
43.203812088464566,Medium,Rain,4.105499651826161,Van,10.590871719570462,1,9,157.3612318479655,1
22.59171331400088,Low,Rain,7.8004422696481726,Bike,7.356816127796771,13,8,120.64576787311286,1
38.041811253991874,Medium,Clear,2.6991077637238496,Van,3.865434722837695,3,20,121.14729998893333,1
38.218057956064754,High,Clear,22.815243484814722,Truck,13.2739012026745,3,9,161.92595867464078,1
6.949945704124765,Medium,Clear,0.6481525580074712,Van,8.655306025358374,11,14,82.90884102560827,0
45.3225395206192,Low,Clear,12.354575362175629,Truck,3.317214151660401,6,18,152.95902582002748,1
26.252113877497145,High,Storm,3.5195627242475105,Bike,4.036796289570155,8,21,150.1881389295438,0
41.669958373171596,Low,Clear,8.03813769220974,Truck,12.046996334043689,3,6,116.88511238640622,0
17.362380849469364,Medium,Rain,23.188459215547503,Bike,0.6621834313118319,3,9,100.72172420582066,1
44.98511496781762,Low,Rain,4.461516555212678,Truck,14.8813828054323,6,13,145.34976050015368,0
20.68168057923983,High,Rain,24.16289183309915,Bike,1.9552751957218768,8,21,119.99220134451622,0
2.5202072710543213,Medium,Storm,5.541962236240832,Bike,11.941027880954062,6,16,65.1912821125375,0
45.45833486812465,Low,Clear,18.668369657437324,Van,5.921629751575243,13,16,159.86381610155274,0
6.381760485734411,Low,Clear,13.893592989984137,Truck,7.383242749312003,12,8,87.76475137853018,1
17.327054604339914,Low,Clear,22.1697288261206,Bike,13.209758661968667,14,13,83.10786422228412,0
47.602974418438635,High,Clear,14.072834759826709,Van,6.193667843838199,10,15,196.17394337118324,0
47.62914305300269,High,Clear,13.596700869329561,Truck,8.062406305098516,3,21,172.19099763936936,0
29.52501862991773,Medium,Clear,5.288721009025798,Van,0.7394949361375491,4,10,130.1377978600647,1
32.32818618415037,Medium,Rain,4.572619370265639,Bike,0.035212108011797305,1,14,121.15996049813724,0
23.52538505495935,Medium,Clear,22.953984202330098,Van,3.6719980950258884,13,13,125.40223549760448,0
16.074117041507098,High,Clear,8.532035871825835,Van,10.20874639378151,8,16,96.21195051998649,0
17.775898177755966,Medium,Rain,9.616015246590951,Truck,1.8189734003870506,4,21,88.30511640278513,0
34.28088589169784,Medium,Clear,19.115679631495517,Van,1.7064293820682415,6,12,122.11584062348292,0
38.11397741300864,Medium,Clear,8.80117531935878,Van,6.164409120538549,11,20,150.8874473315318,1
39.99579409884073,Medium,Rain,23.825529942655567,Truck,9.717555579123397,3,22,137.3307941827003,0
39.90167085413859,Low,Clear,18.57923034047061,Van,10.681079883718958,11,11,137.95334760035985,0
6.377892946337138,Medium,Rain,15.13701644304879,Bike,2.676760111475622,12,20,109.50011134151953,1
25.73217462572391,Medium,Clear,22.081931433346437,Bike,1.1938222105806369,11,13,127.47523047211016,0
4.762820480798926,High,Rain,1.7153447545623275,Van,14.105955509183163,6,12,63.42175015267651,0
28.377386351539307,Low,Clear,6.798035958635614,Bike,3.909995738431526,12,7,115.19460051858776,0
23.193464065922097,Medium,Clear,11.893390188412294,Truck,12.800197464130857,11,18,136.09900903897793,1
44.60980077239839,Medium,Clear,6.060974217052265,Van,12.952371756942274,9,11,143.8671242412482,0
18.84392060249978,Medium,Rain,18.72567708890272,Bike,11.587838876438166,9,10,124.32234142606926,1
7.619216788525081,Low,Clear,23.020596760816268,Van,2.532504099788551,10,6,76.7998846020117,0
8.863600738536121,Medium,Clear,10.882367938307624,Van,12.327021888813006,3,20,56.330405352032976,1
38.552510322438664,Medium,Storm,8.882248702741427,Truck,11.538758388623801,3,15,164.2271925356885,0
31.67446703918053,Medium,Rain,24.057992937370372,Truck,8.950844851593256,4,8,136.21826861980256,1
6.853888453893932,Medium,Clear,11.39888460427475,Van,5.058030527534291,12,10,102.68109937063956,1
6.037126693519877,Medium,Rain,12.48168581100744,Van,3.9376290639981617,7,18,96.86994151158648,1
35.64651831003776,High,Clear,9.11542187237668,Van,1.8283381812053845,3,13,124.35797217957081,0
5.492624305481289,Low,Clear,22.78393758879739,Van,7.6463560035130715,10,7,62.37290270137579,0
41.4492828459371,High,Clear,14.439409340405343,Bike,8.778913132647698,8,14,160.49041550839897,0
35.899626903511816,Medium,Storm,19.173277385950293,Bike,5.390084857736809,11,22,153.50085192274156,0
5.904741470811189,Low,Storm,20.389264599596714,Van,7.130386015213029,8,18,96.21929431224353,1
6.072210276089212,Low,Clear,8.875301526972825,Bike,5.452716860539001,6,6,50.04442908835728,0
49.358699768056425,Low,Clear,11.125511117349312,Bike,9.615090859810518,4,17,152.2489204912448,1
19.964998196293777,High,Clear,21.287558472953485,Van,13.51888811694845,11,10,130.38194680954416,1
19.790823059210766,Medium,Storm,9.39975611605735,Bike,2.458803930704173,12,13,142.21763595359099,0
41.01437922836013,High,Storm,19.951410769570355,Van,5.721132148546851,11,20,221.0818988197151,1
47.46793171442522,Medium,Clear,23.55431190307371,Van,2.11302905926292,5,8,171.91285940194015,1
49.3280510634978,Medium,Rain,15.76865414016617,Truck,9.37415655611748,12,11,181.26980449772248,0
38.1621528924292,Low,Rain,18.669868542571276,Van,10.933057642328937,2,18,120.41792966312477,1
20.060460105483955,Low,Clear,20.224884145007806,Bike,13.978690988961839,13,17,109.04913418324088,1
6.008034401536101,Medium,Clear,21.203471397967743,Van,4.183078893914473,6,6,76.00852812599119,0
39.30305196451697,Low,Clear,10.178806777491502,Truck,14.253168087981452,3,12,108.44954089745667,0
28.803403987318642,Low,Rain,1.7559547498119552,Truck,0.948940077310122,15,17,148.35026612275732,1
22.36265644385486,Medium,Rain,10.345968645300118,Van,9.045207950468823,6,15,109.18215792336864,0
45.50501048454733,Medium,Clear,17.0070276297102,Bike,0.8569907901499496,12,17,181.77399007375416,1
7.337479150695264,High,Storm,11.533584451629423,Truck,13.406612816429172,5,16,103.58115833404534,0
25.64600500596124,High,Clear,18.849597196079763,Bike,7.947135856050812,14,9,149.45863197914287,1
2.5449749488361153,Medium,Clear,9.246069521982266,Van,10.040225261441941,2,11,32.84407931948157,0
24.495710815718063,Medium,Rain,16.051231457048722,Van,12.473608888656788,15,14,129.28964238423632,0
4.702557232728193,Medium,Rain,5.067285218922377,Bike,2.2546593372595316,12,15,84.30880125135991,0
7.703259980867452,High,Clear,18.859551197801444,Bike,0.5788734290720077,13,10,114.3697506904324,1
7.641259845301034,Low,Clear,13.869551235919133,Bike,13.183217188692783,14,18,84.857935745049,1
33.16209450157105,Medium,Clear,5.499577519391714,Van,4.723998411883987,5,14,110.13128833820046,0
37.810154204740314,High,Clear,7.651823750696278,Truck,1.934683618907479,5,7,153.29274321712418,0
30.001700724663664,Medium,Clear,18.840913360254895,Bike,7.026918556306298,14,6,138.60677578783302,0
48.18428232677801,Medium,Clear,12.323730273707257,Truck,8.974591135440281,9,17,181.79139740322742,1
19.993787817137793,Medium,Rain,5.792770289630269,Bike,0.46455905133765185,11,15,119.97850313207967,0
15.714180141529315,Low,Clear,24.198144164072293,Van,4.123434873856316,8,7,76.89014693267121,0
43.69275815309409,Medium,Rain,18.020562985513752,Bike,0.4919981141534402,12,14,177.57880355376085,0
12.732600248933727,Low,Rain,23.949803397225004,Truck,6.305030837932485,12,7,101.21688956906479,0
48.23468189314934,Low,Clear,10.96407361132841,Van,13.426500435993665,7,19,145.73465480604304,1
2.5834147851111844,Low,Clear,12.139958346947152,Van,14.739786172403537,15,16,44.884412839864616,0
48.55418368196668,High,Rain,22.499902796532968,Truck,9.555713302554413,15,16,198.50431840928323,0
4.071675773627653,Low,Clear,13.363708836011924,Van,2.424565406768877,12,22,47.0284404459011,0
44.774869457507414,Medium,Rain,17.828333341688847,Truck,13.587740849989586,13,9,195.283471016663,1
27.32965323614239,Low,Rain,6.678235498640484,Van,7.7437173480009065,15,18,140.6694934917021,1
49.662310213726414,High,Rain,11.444798483214694,Truck,2.3062396815437713,14,12,214.11546890649242,0
5.542235107299145,Low,Storm,3.5245217123537,Van,13.82590004177492,3,21,51.92256713426583,0
28.585005651263398,Medium,Clear,5.546510878985561,Bike,11.362035760846545,10,6,114.39202321485753,0
48.52652170971675,High,Clear,0.5231136740569616,Van,10.975579090847273,4,18,175.0482734782014,1
27.108696520167143,High,Clear,1.4619937653921757,Bike,10.63771055691607,6,6,109.98386838660832,0
32.2111346304926,Low,Clear,24.443453667834767,Van,3.005097316446635,3,16,103.84299069042112,0
35.39593707126163,High,Clear,6.437665530850676,Van,3.165100375612891,11,11,156.73908169910973,0
23.817971108853115,Medium,Clear,16.75111238284805,Van,10.324394976408826,9,8,132.1371734070176,1
32.122787844035045,Medium,Storm,21.057942620590484,Bike,3.295841251655953,8,17,147.36695178213944,1
30.04708697230881,Low,Clear,13.991181251295824,Bike,6.580075452045733,6,10,105.37227725580796,1
45.25558450356747,Low,Clear,4.2520402520569265,Van,11.730027383909121,4,14,127.58856843712871,0
4.181426256389978,Medium,Clear,18.338852714736078,Truck,11.759287771467614,7,17,85.07352598324228,1
15.486233100427055,Medium,Clear,15.206159547439785,Van,6.798926587887895,13,15,105.37032806037958,0
47.61975123567482,Medium,Clear,18.41563943901069,Van,11.882849074128677,15,10,189.22963119479914,1
44.732661626763985,Medium,Clear,19.358792259998637,Van,12.579326942970852,11,10,187.01644897688598,1
23.87152413371422,High,Clear,24.397554008276256,Van,9.821636269263903,3,14,108.62168198104705,0
31.766364694473765,Low,Clear,14.552300360654394,Bike,3.4263877846263027,10,22,114.48448514778066,0
15.314296783094369,Medium,Rain,8.870207260919745,Van,4.110176705783212,15,15,128.1621666038466,0
11.029815666740543,Low,Rain,16.387381644055807,Bike,4.722617331131031,8,6,76.02749325513336,0
24.257523437119143,High,Rain,2.1767973764443402,Truck,1.75206161600928,1,21,123.24542312812375,0
18.960906945250535,Medium,Clear,22.486234298878866,Bike,4.097394305549177,3,20,102.76204050691605,1
30.01549336884186,High,Rain,3.4248347777858212,Van,3.1427883646879815,11,22,149.73877391280595,0
5.731262574319272,Low,Rain,8.532149528202547,Bike,6.829931247129032,5,18,76.2729394995815,1
48.77095076797599,Low,Clear,20.485761825339964,Bike,13.626563218083975,5,6,110.86789686654049,0
49.338115735020935,Low,Rain,15.13415326910244,Van,1.5672047513093712,10,13,153.7497891977264,0
35.51176227294776,Low,Clear,10.14407024679733,Bike,10.804018859210935,14,10,136.591369521317,1
27.732625584517777,Low,Rain,12.099173654688025,Bike,10.309245066196915,2,11,81.61220656192434,0
16.85732558174373,High,Storm,21.43641113345342,Van,1.4363129799503649,10,19,161.3408073240685,1
41.062160945933535,Low,Clear,8.830107458467358,Bike,13.838586073587,8,16,112.84086653257302,0
34.8670962825862,Low,Rain,21.8064172778982,Bike,8.527083032352294,5,11,114.42284432328961,0
9.805613088554782,High,Clear,2.6592935589289417,Truck,5.455882817035263,7,16,87.4972539062751,0
45.72450485570444,Medium,Storm,19.531561711611452,Van,11.3480787524296,15,18,228.38721479118806,1
41.48178766031211,High,Clear,21.264917009841042,Truck,3.8604818760245108,7,17,175.17446303131055,1
47.590395838012356,Low,Rain,4.954532494514799,Truck,10.402647555694806,14,7,158.64648271965834,0
36.83453640264128,Medium,Clear,11.043490043118911,Van,0.5956681135837083,5,8,152.37666897035632,1
31.443929404917913,Low,Clear,4.554744479259563,Bike,12.591120564139079,8,9,105.9862562743571,1
22.075665741949706,Low,Clear,17.811801160358335,Van,6.722562705319778,9,22,92.689238547357,0
46.77096720099264,High,Storm,13.61602031751059,Truck,9.550393715369125,4,11,181.8520163800062,0
43.5710666960196,Low,Rain,16.065421994353866,Van,3.318567297100255,4,12,143.7217993759963,0
4.1704961650970915,Medium,Rain,5.313930690427173,Van,10.15610568987672,8,20,69.91588630852391,1
3.2656147758680962,Medium,Storm,5.687773620284278,Bike,11.58360413839915,1,16,29.514655188122184,0
20.070241610146383,Low,Clear,1.516684474992706,Truck,7.098197803265981,15,8,131.37254317374305,1
40.90655987752798,High,Clear,8.390654612295378,Van,9.265903860926915,4,11,144.49820424270868,0
49.38925420711733,Low,Clear,14.213744202675036,Truck,6.844888857335978,6,7,156.7364139779836,0
9.220010772969353,Medium,Clear,21.519405392934555,Bike,13.411370538867683,13,19,105.18441494010878,1
30.518274336902486,High,Clear,16.839722462737676,Bike,7.468037707714787,4,14,111.7279465266332,0
20.28276111828903,Medium,Clear,11.16720992329391,Bike,12.627130635432284,6,17,95.91421340821677,1
48.555891095100954,High,Clear,23.851442802656376,Van,12.020280874053729,5,18,184.59784852367326,1
42.42170831051402,Low,Clear,18.12150741410788,Bike,6.157572320225348,14,17,162.87789144431656,1
42.23977782613461,Medium,Clear,23.289047470132473,Bike,3.4512673778621257,9,17,161.8204541910665,1
24.497271670158575,Low,Clear,13.42590534516806,Truck,6.091231988396565,10,14,104.01086945954847,0
21.911336112207927,Medium,Storm,6.84315473243192,Bike,12.393260636628302,9,22,125.35377806434904,0
15.1235394526739,High,Rain,1.7942538159356887,Truck,3.4144880372908855,4,21,101.09608764092695,0
4.7060238392445015,Low,Storm,18.289078861354337,Van,7.86654518786624,13,22,96.26302963834675,0
43.50667406024255,Medium,Clear,3.471923451135586,Truck,12.091451219411212,14,13,166.03183759435885,0
41.01924843824372,Low,Clear,7.917990642663196,Van,5.302162126925682,4,16,110.05844954616688,0
49.98644831773427,Medium,Rain,13.545537243155486,Truck,9.633144555040461,12,7,189.42036460620045,0
49.83856817954746,Medium,Clear,14.328206400603818,Truck,3.684473610732218,8,13,157.40277476316922,0
28.660721868926117,High,Clear,15.214288326184832,Bike,1.6391916805223987,10,17,155.27870157693926,1
38.911395928664504,Medium,Clear,4.573255593567666,Bike,11.915763376392846,15,6,153.80203728975633,0
47.34875503435654,Low,Clear,9.803566418130394,Bike,1.4845293511306024,4,18,154.38219807380094,1
42.78307475251575,Low,Clear,15.621258564365684,Van,4.0707209261937685,2,22,111.71210708707362,0
13.872708883673488,Low,Clear,24.260562183527725,Truck,12.826641329961602,13,19,100.46061067317224,1
23.626118494884487,Low,Rain,18.326962873642373,Van,5.197039306180008,13,19,137.50678790609288,1
8.19965192727176,Low,Clear,23.103792048801967,Van,14.595680242712417,14,21,69.64161877062507,0
47.79444930841868,High,Clear,19.174195428697338,Bike,14.696015021607897,15,22,169.67092899891077,0
31.096382453642242,Medium,Rain,14.99706573786381,Truck,4.024140306803351,2,11,116.10813037077102,0
12.97485466416621,Medium,Clear,5.204572543840442,Truck,0.6146733337483568,1,12,69.11615509043614,0
34.24163285148112,Low,Clear,16.83379847136657,Bike,10.575949263080688,5,6,108.30288884489609,0
31.670155541979,High,Rain,15.772799366017724,Van,6.764797539725156,15,20,198.2966519004896,1
19.191810465576346,Medium,Clear,15.260494676203027,Bike,1.5112926593936442,6,18,104.35370470774474,1
7.450764425582193,Low,Clear,12.499753765711898,Van,10.612842284670641,9,7,60.80827761772581,0
34.23551338845438,Medium,Clear,13.452086797737252,Van,0.46762363667881834,5,20,146.33853285497491,1
26.97476964338208,Medium,Clear,8.69384191439355,Bike,13.052950357383631,13,17,113.54050167463741,1
39.07128280331069,Low,Clear,13.223160969736428,Van,2.0797879366995558,6,20,130.76736942525537,1
26.967848053375683,Medium,Rain,5.340119689122717,Bike,1.9096781812008752,6,19,127.4910626922389,1
42.904712015289924,Medium,Clear,20.22677273532923,Van,2.635084469528768,3,11,149.80922826113832,0
28.491528261175304,Low,Clear,5.0515353901183415,Van,14.403995377380998,12,17,125.96428911421151,1
28.92502263369854,High,Clear,2.5816741022919274,Bike,10.39754040380769,4,11,110.85820024360493,0
44.07937292760056,High,Clear,11.188027645750356,Van,12.02057303195455,1,14,137.44907538281103,0
21.367177578195058,Medium,Clear,16.628532267898514,Van,5.964524785991295,4,9,107.47051018198863,1
8.432730965630755,Medium,Clear,11.224062210871763,Van,5.0446909125743336,1,22,45.673152355875786,0
3.3815684630402707,Medium,Clear,7.280476232807061,Bike,3.5172601017475493,15,7,69.93517498251708,0
38.24658827233371,Medium,Clear,14.175194005315799,Van,7.209720424686134,5,21,121.79253977250993,0
31.774858464966304,Medium,Clear,9.001557217598899,Truck,8.277431003012527,11,19,159.15714093605902,1
35.79582886876273,Low,Clear,23.35525840810251,Bike,9.476622654791331,11,13,117.62184926391859,0
12.222279752427715,Medium,Rain,23.104805920287514,Bike,3.8567775599804177,8,19,101.70005877680832,1
8.545830828164949,High,Clear,12.808109589316338,Bike,14.22981121354486,8,7,79.66790706199218,0
2.6981439520583326,Medium,Clear,8.533157853447333,Van,2.5463774731070377,5,21,43.8439411445955,0
18.828202822716655,Low,Clear,18.559744141937657,Bike,14.484797621496185,14,9,107.13942986105143,1
30.31604896902239,High,Rain,1.3994671153351326,Van,0.22284183761255683,10,6,153.81328129938106,0
20.827714164787153,Low,Clear,12.131840648069456,Van,7.216885377252684,2,19,77.2979742174748,1
22.998796257138995,Low,Rain,8.73992315962317,Van,5.000517571748442,12,13,110.58566905147737,0
45.39961733569992,Low,Rain,23.05312918501259,Van,6.7368512089537615,6,8,155.0096620667046,1
18.716262417118415,Low,Rain,0.7940741681807223,Van,8.559968684711835,1,10,90.66785635709546,1
26.671495479670916,High,Clear,14.043964455099552,Van,6.533837370190636,7,11,126.42635860339918,0
39.61534461157487,Medium,Clear,18.646257736132338,Bike,6.222702754523924,11,13,137.31264151904713,0
21.034053551420968,Low,Rain,12.38294069433901,Bike,10.990851231199597,4,11,76.82681073545447,0
31.86016161093793,High,Storm,2.5923742389866806,Truck,10.28814412629697,5,11,154.1419245231905,0
43.39345801984377,High,Rain,24.325304055683603,Bike,12.499069230537717,6,9,159.03428992880154,1
47.57698993556682,High,Clear,13.1912555687144,Van,3.7493847185924336,11,12,195.01036188716668,0
9.059527084593821,Low,Clear,15.547562985815778,Truck,9.142927646310953,1,12,35.14139961584149,0
46.47620600775173,Medium,Clear,6.296939676333929,Bike,8.777921780892807,9,8,180.15096217615383,1
25.621582067817833,High,Rain,12.345703085116693,Van,5.546067163090331,10,13,147.61394898628313,0
14.39573063835,High,Clear,11.014162552978885,Van,7.290863128540214,4,6,77.67823587534247,0
24.038516299436544,Low,Clear,2.334948129048602,Truck,4.706732149585931,8,6,93.42257701785965,0
49.0415636137029,Low,Rain,3.100928661912947,Truck,2.1276659642547777,5,19,176.65557749484046,1
25.64566851165774,Medium,Clear,21.018076730659978,Van,3.2070181599409926,11,11,121.30916114898166,0
17.780077293800396,High,Rain,6.375588829061461,Bike,1.5827046960180162,8,15,123.50736105506672,0
32.40324100720284,Medium,Clear,5.276477651716449,Van,10.246043627851861,15,19,150.92851202944055,1
13.526989701353267,Medium,Clear,12.870330555628412,Van,9.910910896637272,1,9,72.705942457237,1
5.641439749215868,Low,Clear,19.334304718381567,Van,14.259095573698092,8,11,56.37209788243666,0
8.186226651711163,Medium,Rain,2.0176897051852043,Bike,10.94517620470862,11,21,81.78687701225239,0
8.146200269973077,High,Clear,14.631794031137268,Bike,0.7806875813419717,13,6,94.01639893993281,0
9.291329288590129,Medium,Clear,3.4206558495940476,Van,13.263677608934312,11,11,76.49962498639754,0
8.663704287171687,High,Storm,1.3932957452276522,Van,12.940127444185887,4,14,92.53528587257314,0
32.7619877505543,High,Clear,1.792226827974326,Bike,6.64980481159048,2,20,121.08994117064482,1
10.730244051158952,Low,Clear,20.937020651106813,Van,8.787945757918823,11,17,77.7803215865773,1
18.592029599545434,Medium,Clear,3.3903258488875085,Truck,14.641174987087783,6,8,81.92506985689887,1
45.04584367548857,Low,Clear,1.6062084281011528,Van,7.984565457722494,2,16,113.91998399108789,0
24.750158732617873,High,Clear,11.22854723500135,Bike,13.579827425641346,5,20,117.08442598151647,1
34.04277144900931,Medium,Clear,21.17784006257961,Bike,1.2455813671527967,2,8,130.34650056550237,1
10.271353817678232,Medium,Clear,6.929005223987898,Bike,2.865778030630243,3,19,77.29333675944845,1
11.229872902816197,High,Clear,10.831959129384952,Truck,6.611324151619767,11,7,102.89697601530973,0
3.9616935807909854,Medium,Rain,1.478102047811905,Van,8.77135212505957,6,9,73.55140911809974,1
10.108883027463898,High,Clear,11.502423596304459,Van,12.243417777942003,1,17,73.40087812888531,1
15.372336273534014,Medium,Clear,14.651520475609775,Van,14.823931727147803,6,7,74.78593395296927,0
10.496503245283847,Low,Clear,14.487222816927547,Van,5.832772447111746,3,22,57.24468662096593,0
6.257721620338669,Medium,Clear,8.644453958271946,Truck,0.7112345421012739,7,8,87.03270154802576,1
7.790521812828839,High,Clear,8.23056292624682,Van,12.017572549429872,2,15,70.71239017293419,0
24.117380865570837,Low,Clear,3.112278663946648,Bike,9.065710786242121,14,21,108.50922009023246,0
11.90401848347804,High,Rain,9.486558855833575,Bike,2.978142883023025,6,14,106.788204639281,0
19.484953330307622,High,Clear,2.937619387387634,Van,7.422426849321303,8,16,107.99098208902203,0
26.16402900103313,Low,Storm,19.281600645445266,Truck,11.134653683005865,15,20,158.14225968291424,1
35.13895177420953,High,Storm,24.173720294830552,Bike,11.556176806029656,15,8,206.4914227436756,1
3.886982712372749,Low,Clear,24.26682418833432,Truck,7.49427617998143,15,21,75.06610551433984,0
40.37169914763405,Low,Clear,21.69424193469715,Van,4.578217951932887,1,17,132.46696155498975,1
32.13921869556357,Low,Clear,15.219407658820668,Bike,14.606138730577403,11,10,119.04573637129604,1
5.924433533545852,High,Rain,17.671209582475058,Bike,9.950439164347392,11,12,87.6310789804756,0
43.93177395712531,Medium,Clear,7.487542165670145,Bike,6.12356279019448,13,14,167.10326009948452,0
46.20187522552703,Low,Clear,15.953875294229206,Van,4.206948363069786,9,13,139.7618277121693,0
4.93174207303346,Medium,Clear,11.663413961276998,Bike,10.966544745053431,5,17,68.33677388128606,1
15.290127111065779,Medium,Rain,12.309424824534846,Van,3.6327516839065153,5,7,93.72862474708225,0
40.697661430066944,Low,Rain,19.06552572919137,Van,2.5756498346053225,13,15,160.90164982415013,0
37.9164651384156,High,Clear,7.406999712132666,Van,7.947508334431054,12,14,145.50950771673888,0
10.857008929106112,High,Rain,8.291970486515737,Bike,4.349810889662128,5,13,100.19303357736376,0
12.048767520162095,Medium,Clear,23.153723882651597,Van,9.433577173854225,6,6,66.585512815622,0
19.782660933986335,High,Clear,1.87749522384882,Van,1.7690801231135023,2,11,101.38894225965961,0
25.257103289169024,Medium,Rain,12.39804031112684,Van,9.824116568509824,6,17,118.51812167790725,1
31.676229033454206,High,Clear,22.86361960999261,Truck,4.249447919965533,14,22,160.12110669937638,0
19.707854699349078,Medium,Clear,15.453893691544847,Bike,0.0036440165176909733,11,7,111.11215681269796,0
24.2016663743911,Medium,Clear,13.886973318197237,Truck,1.9040408651126457,4,16,106.88859428716118,0
37.87860503042032,Low,Rain,6.618732391119202,Van,14.00423066752641,8,16,116.28532249224575,0
3.760793738748699,High,Rain,8.910249482078983,Van,13.010319586730366,13,13,106.47815083889284,0
14.116973328512996,Medium,Clear,21.375186187214975,Van,3.5041354805435527,11,20,111.08698278081039,1
36.24078012245852,Low,Rain,14.200844228327224,Van,11.675578568182368,9,14,129.91097823109226,0
44.969928208985564,Low,Clear,13.111183747041107,Bike,9.128573897609614,9,20,147.8432762614147,1
26.560517221551976,Medium,Clear,2.9397029817307088,Van,14.563570671748042,8,12,91.98906610540126,0
27.54144729273515,Medium,Clear,0.8926898331505164,Van,5.604084893010887,3,18,115.30215326269186,1
7.1442565443092505,Medium,Clear,24.110287122832702,Van,10.22190918775757,10,18,92.29484310049138,1
23.475793607525823,High,Clear,9.73616109852762,Bike,0.9530358363587788,11,6,120.85129489638797,0
27.565628789841114,Low,Storm,15.278720021437856,Truck,5.9437102022460895,11,9,163.79003382290293,1
13.638584174467024,Medium,Clear,2.453019293088482,Van,14.457264917822707,4,9,75.7363255321823,1
14.923675085570286,Low,Clear,17.23630000021464,Bike,8.084713116751809,1,9,63.00803582780887,1
20.109639829021887,High,Clear,23.347884363296043,Van,4.318192550022669,9,18,150.17056263971276,1
2.9634174933308657,High,Clear,14.603798698436782,Van,1.804064446929103,5,7,57.323598140101765,0
17.459799947992558,Medium,Storm,3.5898253981975587,Van,10.552925102722956,6,20,105.25602741620679,1
12.149504335834143,Medium,Clear,14.75217742310018,Van,9.672840651445902,3,9,65.98585858903995,1
17.719872904539905,Low,Clear,19.275506721063984,Truck,5.60908070405662,11,11,99.15194904440716,0
7.748582327324058,Medium,Rain,10.457205146063457,Bike,14.264120277987514,10,8,85.4232580348429,1
44.74530947551496,High,Clear,22.056024824565963,Van,0.33304219481775477,8,12,172.65648415972544,0
30.492437770594336,Medium,Clear,16.39273235725543,Truck,4.555857774477387,15,11,140.63680190783182,0
34.5969113189355,Medium,Clear,22.53159849808546,Truck,13.816042294493721,7,8,156.2684407309666,1
39.880219453152236,Medium,Clear,15.775880125559762,Van,4.814031574791605,1,9,152.41495934163066,1
25.92522554859475,High,Storm,3.7165553141181937,Truck,3.783792507827556,10,15,167.50049306284006,0
6.172173828196337,Low,Rain,8.087446922077135,Bike,8.01330614896871,12,14,55.94045854282854,0
27.78111400729029,Low,Clear,5.443976232185195,Truck,12.357026248808069,5,11,86.24304663834322,0
30.1683736650022,Medium,Rain,22.766249194063125,Bike,1.547201413175416,10,16,143.72053722734432,0
37.781094760847836,High,Clear,19.129801648543324,Bike,14.145310644686042,9,12,145.1309557530155,0
22.71965821902461,Low,Clear,17.07176003829515,Bike,11.92609321771746,12,9,116.63525308562413,1
8.12385453418706,Low,Clear,7.873674830974731,Van,2.7187538332732792,11,10,93.43578608006072,1
15.621243478338775,Low,Clear,5.009096915230232,Bike,10.68011941797244,12,9,105.83338985183553,1
19.427950227134485,Low,Clear,19.03305165572834,Bike,5.774380839563357,6,9,84.54463263830189,1
33.00402758391686,Medium,Clear,12.116869674037451,Bike,6.03442017114478,8,18,135.67250850986744,1
29.39735862410777,Medium,Storm,6.031844027690414,Bike,11.749351386582996,10,21,132.8597467790802,0
19.09264284309662,Medium,Clear,15.607238465049239,Van,14.441772119710983,1,19,66.90667210210381,1
49.35273194206302,Medium,Clear,1.4881793773920733,Van,1.8998380927079088,10,16,172.18970442891714,0
31.077191329130585,Medium,Clear,8.49117122614221,Bike,6.309453553182291,11,7,127.80170242070251,0
13.386886003327735,High,Clear,11.979646367482799,Van,7.214124121264553,7,19,104.49811691408559,1
6.88555868577938,Medium,Clear,4.124979185680443,Truck,5.644677254324964,3,12,42.291786084811655,0
9.337238680847937,High,Clear,24.62403470097557,Van,5.447836855743375,9,16,93.7290816865362,0
13.80597096245639,Medium,Rain,5.622885432445549,Bike,0.7840300134239481,6,9,104.56293524810975,1
9.712705916458672,Low,Clear,3.6936516860600057,Van,10.28307930843935,5,12,57.132930700494,0
10.955217154462677,Medium,Clear,5.486604410228962,Bike,6.54321625680068,8,21,63.08658697501886,0
15.68456809730466,Low,Clear,19.341997762413243,Bike,2.9219070396589015,8,11,83.79979422044826,0
10.321932574148232,Medium,Clear,10.92488865216015,Bike,12.240502534531025,12,11,81.71932799326731,0
45.04474038206841,Low,Clear,14.35269052393718,Truck,12.03841122227442,12,7,155.79701419238634,0
5.851219791758826,Low,Rain,1.0147243461658382,Bike,7.295874421333407,3,13,28.042720360015053,0
27.176546699372224,High,Clear,1.3435670600462066,Bike,4.476759917216408,2,12,92.67647946327631,0
21.69904769550375,Low,Clear,11.422725970761896,Bike,9.571390886946785,15,19,109.4324586055142,1
49.1541736116131,High,Clear,20.508053458439775,Truck,4.322282036661046,2,14,165.24807488299416,0
7.377867304066513,Low,Clear,22.188352528335347,Van,3.5401189548556804,14,20,109.5711048438681,1
21.097068754195597,Medium,Clear,2.6243109060931853,Bike,10.9577198103949,5,17,87.2680034248427,1
48.53458079721771,Medium,Rain,13.689896001475057,Van,0.6048785958142605,10,18,201.25364979175353,1
43.544342042911055,Medium,Clear,22.874127313842127,Van,1.4215270655189094,12,12,163.94816949691125,0
41.21945940556544,Low,Rain,10.005332482748216,Van,0.10182261035384665,7,15,145.88487747587754,0
14.379335698157112,Low,Clear,20.82436286999503,Bike,2.294147797131392,8,15,72.58389797643609,0
10.20260419472316,Low,Rain,3.775543532786187,Truck,1.034850130656892,10,7,86.35547439229086,0
34.09487455637269,Low,Clear,23.417164996861068,Bike,14.93703551669878,15,19,146.2120217267624,1
46.610047478124116,Medium,Rain,18.909871279516913,Van,4.332149549311344,8,18,181.69918131729398,1
28.724618864668628,High,Clear,23.56269262327909,Bike,2.2390201900387092,13,11,151.645600093965,0
29.437409094555193,High,Storm,17.077122222036408,Van,3.6149438699387693,12,14,183.71866431847656,0
15.43899649569364,High,Clear,9.403396333985961,Van,14.04188357310202,8,18,103.99055082608102,1
38.935660793212975,High,Clear,23.4854387268557,Van,7.802403345365935,15,14,187.12336120663582,0
10.978099930761122,Medium,Clear,7.2513860195748725,Bike,5.472271444617853,10,18,89.19036375370891,1
17.536603347403698,Low,Rain,8.638226790512448,Van,13.10087186863829,12,10,106.15527084121986,1
22.420949053588004,High,Clear,17.66980624104264,Bike,5.924854058235487,11,19,144.36711174655875,1
26.36529817685384,Medium,Rain,19.250249338371965,Van,5.025128549365437,3,10,120.99186695315046,1
13.635667155923851,Medium,Clear,23.27038535430427,Truck,3.1092378382460333,14,14,114.20906635096148,0
7.51216758748177,Low,Clear,5.517659021877133,Van,5.666952358641172,11,13,65.73037072409456,0
31.309762037198364,Medium,Clear,20.05095186287099,Van,4.750265340253891,2,12,90.4311998793813,0
15.854266555532277,Medium,Storm,18.594378308225604,Van,10.159559389472115,13,13,129.60045197529973,0
29.89943462828539,High,Rain,2.0629666282131476,Van,4.343740570060906,4,8,133.49698843539397,1
9.409410333161711,Medium,Storm,9.98696695965007,Truck,8.657996196338422,15,20,125.35069161363654,1
25.09472488903124,Medium,Clear,7.427753697972415,Bike,0.9883824754795906,1,13,86.94911253427523,0
27.56429276247612,High,Clear,7.960015396673745,Van,2.8693373504477155,3,6,119.42469772445536,0
4.487529767476492,Low,Rain,24.58219854909017,Van,6.111079074170231,11,12,83.22786737600492,0
18.157005353308186,Medium,Clear,16.248046630258234,Van,14.054238808630432,9,7,81.67389635045,0
8.451904493070764,Low,Rain,18.08306586594074,Bike,5.658779785735431,7,19,72.46600707504072,1
5.041998582692852,Medium,Storm,24.427132114217724,Van,9.961111817997512,7,20,105.38793001825731,1
49.51809115471737,High,Rain,9.741443670212147,Truck,3.826308336320972,1,19,197.08247883074154,1
17.472984558786703,Low,Rain,20.145084127093746,Truck,1.905503639598476,7,22,98.50434089864022,0
40.873973401022475,High,Clear,11.146008600960137,Van,0.8780490012007519,10,21,161.09741369772112,0
14.222751428660665,Low,Clear,21.803574959467003,Van,4.58120247814127,7,6,85.30767858500312,0
34.71213066674861,High,Storm,4.926109762126928,Truck,2.3649154019536196,4,12,161.0999613201798,0
38.490937274704955,High,Clear,23.71831133807485,Bike,2.610156720241863,7,16,150.04374059437237,0
30.590659549176525,High,Rain,5.859906856066552,Bike,11.41138962580425,8,10,137.734527593501,1
24.635657050407602,Low,Rain,8.492402421032821,Van,0.23757106417311324,3,22,98.77343090649207,0
21.76836387906889,High,Clear,19.026709735616123,Truck,8.367151886031516,13,16,143.6768721476367,0
18.745676794063776,Medium,Storm,10.147000968352463,Truck,5.691920708901971,10,13,123.5917546116209,0
46.61739892389564,Low,Clear,15.401178730777943,Van,7.598249998628209,2,15,138.87974666188546,0
41.869731573810995,High,Clear,11.392050776200998,Bike,8.442453558219043,7,17,160.64963728970054,1
48.3212917119926,Low,Clear,18.688063458699656,Van,4.700515416859173,5,15,146.08928747380975,0
7.966266727306147,High,Clear,6.0941156830309655,Bike,4.426632902764279,5,18,87.90661460926061,1
37.08163880977492,Low,Clear,1.9322206873034866,Bike,11.001027740023586,14,15,111.25061087035799,0
47.04034192740981,Medium,Clear,7.848270238090123,Van,13.069154821817358,5,22,144.13155083453793,0
10.699187175951687,Medium,Rain,12.120562289276542,Bike,2.8887244868779183,15,21,108.10242616820021,0
5.19182083360532,Low,Storm,4.616491278720625,Truck,1.4642814080272344,7,10,80.7352913435039,1
37.573791165922835,Low,Clear,9.192533596581523,Van,13.46693709588039,9,8,146.3088438367258,1
29.57470943263577,Low,Clear,10.29958394819243,Van,5.24843195471098,11,20,133.1359770087888,1
42.40778128439706,Medium,Storm,1.9061001703627019,Bike,8.269760859942213,8,7,170.2636542647171,0
8.709074078061896,Low,Clear,14.791027580513012,Bike,5.393147167800052,6,18,51.293447188506676,1
40.17283096927473,Medium,Clear,22.166413985296543,Bike,1.8870350451907698,7,13,136.34538662084697,0
11.678111362291737,Low,Clear,4.217701367349784,Truck,8.83997467421592,9,22,78.54088078425352,0
9.855485257553816,Low,Clear,15.146296328337094,Truck,7.877112776544445,14,9,87.13525021258718,1
9.884758300687661,Medium,Clear,16.786110520315734,Van,3.0449033878679583,11,14,84.13680299449705,0
41.09958657110634,Low,Storm,10.773699670272565,Bike,6.778035669784168,6,20,162.01946938568676,1
33.92946659341761,High,Clear,17.676890890424616,Truck,11.954212560234687,1,14,109.11172563090946,0
27.107140388917728,High,Clear,10.562922815529795,Bike,8.85639154661837,4,14,97.67650055044692,0
19.22386323792812,Medium,Clear,12.863613555447156,Bike,1.4537599060049229,8,19,119.68842982302507,1
44.1056259590292,Medium,Clear,0.680149591583461,Van,8.220322458437026,7,21,141.17252835049013,0
20.8373651562865,High,Rain,17.447142796299875,Truck,10.541074489343803,3,22,121.92944448033523,0
41.1967730946357,Low,Rain,16.702895634145747,Bike,11.890551086711271,10,18,155.42323817793934,1
23.078475611370486,Low,Rain,1.4408214944954418,Bike,9.436763679514002,3,14,94.37469442043604,0
20.093332612395564,Low,Clear,9.52212763118076,Truck,2.289872468111756,11,20,119.21603670925685,1
24.20862971214111,High,Storm,24.486280099395852,Bike,10.65259899885241,3,12,137.46533572589627,0
16.46613795987882,Low,Rain,10.808045782931112,Bike,10.160127691222746,12,6,87.91152589085864,0
37.88525024846005,Medium,Rain,12.797662425730122,Van,0.3664032441094983,15,6,173.21944666767678,0
26.130578724438998,High,Clear,22.793288874913106,Truck,6.176215013853648,1,10,133.65891850833466,1
13.14620936704723,High,Clear,18.072915958711032,Van,4.994253704435599,15,14,127.71422989786673,0
45.179579517179285,Medium,Clear,14.760718212543477,Truck,10.041180963804651,10,17,175.2164540500527,1
20.426778625914146,Low,Rain,20.046214692856278,Van,3.2420371846638107,1,11,79.38341348931537,0
28.090537333471453,High,Clear,21.676973528171345,Bike,8.863078844613877,6,18,139.31101785713008,1
45.510661326298255,Medium,Clear,11.693757757563038,Truck,13.698089427212585,14,13,173.2679035684348,0
31.96342380387162,Low,Rain,12.140154940829968,Van,11.967035583129116,14,20,140.79449095059246,1
7.611105954001475,Low,Rain,9.958247923469976,Bike,13.821866043247956,1,11,35.97201625088127,0
47.11194193344681,High,Storm,24.184300430452282,Van,14.67758950399035,5,11,187.9348972146363,0
32.12998654742806,Medium,Clear,17.580573230113586,Bike,0.1600519050924415,4,9,119.90058425238232,1
18.075469503540134,High,Rain,2.538965122097771,Bike,9.341119145662164,5,16,105.42919004726235,0
8.685059487842588,High,Clear,21.64251077116895,Bike,6.192590966383596,7,8,101.0298938558316,1
40.11320908497421,Medium,Clear,12.273718550488567,Van,12.897817355026826,6,8,162.87180210334594,1
31.76349228456865,Medium,Clear,2.184470707350943,Truck,3.7772205301369755,12,17,152.41436325027922,1
27.60613241486343,Medium,Clear,13.96807275150112,Van,14.715442336726142,9,11,118.93885157860576,0
44.90684398644596,Low,Clear,10.720524834904701,Truck,9.20561954315621,6,11,139.49574940011988,0
39.85266613877748,Medium,Rain,22.00486041913431,Bike,11.903061033432465,9,13,162.22663403768777,0
9.280394227172057,High,Clear,5.497867788429991,Bike,1.283993292341525,4,20,80.55408033237096,1
16.962659254186313,Medium,Rain,20.74838293255848,Bike,2.7518682713829756,1,21,75.41577773009799,0
13.927478711094356,High,Clear,14.163372934043592,Bike,11.376055095513047,1,11,62.01113000315841,0
37.709422043488495,Medium,Clear,1.8379524287299915,Bike,0.3297978305898541,10,22,136.71683273933942,0
3.6095568673174103,Medium,Clear,24.310209882474375,Van,12.253169788406742,7,14,47.64926827057892,0
29.354704873823195,Medium,Clear,13.059073480528397,Truck,0.20923528037867178,13,10,144.77496695825135,1
38.598016915553146,Medium,Clear,7.626482928673771,Truck,9.8567825859191,13,11,135.63209214476728,0
44.084750564563976,Medium,Clear,12.000467628736823,Bike,5.476408803477088,13,17,157.22573099734325,1
18.41992393836356,Low,Clear,21.51751569617848,Truck,9.172422790787987,3,16,76.96815844992908,0
41.42035062425661,Medium,Clear,7.970126547434056,Bike,10.440471104836705,2,21,111.9184327837152,0
7.310323373849947,Low,Clear,5.220571713924158,Bike,5.137128287794563,14,22,57.93019240494558,0
42.629710003256875,Medium,Storm,3.662245549806596,Truck,1.6194367216625332,6,14,165.49896151856925,0
8.119455791935156,Medium,Clear,7.797555260560175,Van,1.0446880162239847,6,6,62.532973094161065,0
21.06978994689763,Medium,Rain,19.611178132481065,Bike,8.834040338438218,13,8,126.43341627753483,1
40.27017755741858,High,Rain,12.054845947283912,Van,7.809830306011673,7,14,175.4101264169591,0
9.196036512741141,Medium,Storm,6.07329929049173,Bike,11.133015136816988,5,18,103.78515419276322,1
13.004066971166791,Medium,Rain,4.571532490438855,Van,7.646032650059057,8,19,114.8000763770688,1
36.668123282867185,Medium,Clear,8.651872174504287,Van,6.336686850463186,7,12,130.06224810451866,0
36.561753754211566,Medium,Rain,23.528147135699868,Truck,5.971307673543463,2,9,151.137379513439,1
32.77508637849427,Low,Rain,8.904154458455597,Bike,0.396703538965012,15,17,151.68336880289513,1
35.3095253344208,Low,Clear,24.709039860888566,Van,5.033358025449857,1,19,110.52586441684709,1
28.050773280684616,Medium,Clear,12.388146166251227,Van,14.640302362867413,13,7,122.5091151394338,0
14.086354827533732,Medium,Clear,4.889515998108696,Van,13.103333643406332,14,6,98.43749250636067,0
18.593407688188133,Low,Rain,22.33293224894098,Bike,4.940671005513265,9,13,103.3356316116078,0
10.716690406468432,Low,Rain,11.778706641803259,Van,8.816931075995583,5,8,73.27780821352914,1
45.60562694401416,Low,Clear,17.886947915860848,Truck,12.709451183032408,12,11,144.40337931079347,0
30.002806148773782,High,Clear,24.600933788624218,Truck,6.61911505125103,11,18,173.19308820485017,1
21.240868004654715,Low,Clear,1.729296082839363,Truck,0.2693679562522644,5,14,69.57452046199866,0
24.17627857491837,Medium,Clear,2.8690167147953947,Truck,1.117656927279601,12,14,122.98415862126627,0
47.46960030136714,Low,Storm,18.151190165837527,Van,7.655890820230599,10,14,177.37576157137337,0
9.36086734957185,Medium,Clear,7.404712580739064,Truck,14.541590635138174,4,20,69.52198265433486,1
30.13903193680627,Low,Clear,5.015384225277427,Bike,10.398143133283016,2,18,80.38077936511799,1
26.282656586454365,Low,Clear,1.4643660555833726,Van,1.063742871578543,5,21,86.55849024022122,0
31.349803300863094,Medium,Rain,1.0352444436619441,Bike,2.8404131368779417,2,7,120.19991191569108,0
2.8692888234003444,Low,Clear,19.474897276434877,Van,11.56984714825275,12,19,76.60654455056209,1
43.861947629319275,Low,Rain,3.793618970553975,Bike,12.621596399343671,7,11,140.0204911209575,0
46.74167755921339,Low,Clear,11.959155091293196,Truck,9.265418792828862,11,7,144.86744526050094,0
29.126392812282027,Low,Clear,15.344471971897335,Bike,9.666347544447248,9,13,102.76121479984528,0
35.43923954609083,Low,Clear,10.994619113936734,Bike,0.42506175575076965,9,9,136.18111710027358,1
46.27997029651019,Low,Clear,1.164112982237711,Van,12.427953893722627,11,19,158.14265469155254,1
35.947454447043135,High,Clear,19.695786813403767,Bike,11.824128122562444,6,16,138.9653901321001,0
9.321874059884545,Medium,Storm,0.7575740012705104,Bike,3.8855271615502076,1,19,85.84343211060316,1
29.661841288007032,Medium,Rain,19.166302412248356,Bike,10.630150799482605,13,17,141.9444634503209,1
31.122322226377083,Low,Storm,22.385960097809008,Van,3.2228190963749714,6,21,138.63197204704593,0
22.35827222251453,High,Clear,11.104578065900721,Van,0.6049524157726949,5,11,119.31791351782319,0
37.349323309986694,Medium,Storm,13.620790590896057,Van,3.0170481388556594,4,6,161.07798124271133,0
46.84961670891271,Low,Clear,12.186093119132517,Van,2.6794331513144924,12,17,184.09996558159355,1
46.427288619525264,Medium,Clear,10.035611156274252,Van,5.066219951022709,6,12,152.4109874416925,0
23.64028982739834,Low,Clear,22.241901116573825,Bike,6.2767424576318716,6,13,75.6292121801938,0
7.435426200356252,Low,Clear,22.401371011414767,Bike,7.6280833724656185,14,14,59.86088012308965,0
49.27237755019206,Medium,Rain,8.727500933717597,Van,7.151308132624922,6,7,160.91606057960345,0
42.267108149404834,High,Clear,15.569208973360102,Bike,4.060119089479341,2,22,148.54453359399932,0
7.983808697756809,Medium,Clear,23.20923527257367,Bike,0.437560028611117,15,18,116.17784400315742,1
46.20041036563387,Medium,Clear,24.070433224063112,Van,9.076524333557261,14,10,190.99632906407624,1
43.755025378982154,High,Clear,12.969496490340164,Van,5.936172447710316,7,15,161.75896773688183,0
26.904226742051463,Low,Clear,11.594207729466007,Bike,4.480082360813245,14,17,143.89308744277315,1
30.381220915756604,Low,Clear,7.328010740248882,Bike,13.004115642457684,4,22,87.59245226683457,0
21.152129785766252,Medium,Rain,23.992360893165046,Truck,11.201149616972398,13,11,128.27290753257296,0
4.628558663457504,Medium,Rain,3.9989504595852505,Truck,12.866483225586634,15,8,100.12574695066115,1
18.089467599003243,Medium,Clear,14.705824613169263,Van,7.424741920686914,12,20,110.93523125419297,1
40.53696553270455,High,Clear,7.4224815542066525,Van,1.963968781901662,9,12,153.35150557367984,0
2.222337104220937,Medium,Clear,7.335703113521017,Van,10.443321541819087,10,11,50.03403310302417,0
18.00796024117492,Medium,Rain,10.421730390716617,Truck,3.0911066990576286,2,9,108.03984971415964,1
21.112097292365277,Low,Clear,24.970426927483537,Truck,6.618445036375752,5,10,101.74695015447526,1
27.7949889410203,High,Clear,1.8466745175756407,Bike,0.9750118342333275,14,8,155.4079841856858,1
46.1530695878125,High,Clear,14.67427454598652,Truck,12.379626036344737,4,14,164.66087183602266,0
18.62460772956614,High,Clear,2.523017871864291,Bike,1.8891096157125087,9,11,121.81930504100795,0
18.653753691018927,Low,Clear,4.285760334767715,Bike,13.546462605739645,4,18,64.11432866251462,1
37.400059909267924,Medium,Rain,11.269292073436018,Van,12.963459033923357,8,9,148.45932845320468,1
23.706461162710745,Low,Clear,13.006273217987811,Van,6.968741466588691,8,7,74.39499787728073,0
12.781031501119134,Low,Clear,6.840414004930838,Truck,11.16552306455986,6,9,76.36934906878238,1
23.71709677436928,Low,Rain,8.253199706423196,Bike,9.291676107272298,6,13,86.61192736762867,0
8.761136978230393,Medium,Rain,2.63069199627036,Van,12.046134635066172,11,18,104.70065780446372,1
10.466575352298719,Medium,Clear,7.928884704184138,Truck,6.477076511788681,8,15,77.9254124204055,0
25.921653091495028,Low,Clear,24.18068176482333,Truck,11.78712726366525,12,14,109.35629922568101,0
22.108421576218298,Medium,Clear,23.645330850975803,Bike,6.93685225597722,13,6,115.90639739918072,0
45.912603251268806,Medium,Storm,8.704518108356133,Van,14.114486817641907,12,18,202.21926590973573,1
19.39490715759839,Medium,Clear,14.485921438829658,Van,7.295581512377214,10,20,102.96057056740638,1
29.868240813346084,Low,Storm,22.785087082218137,Bike,6.939289079005943,9,7,140.18860693078938,0
32.34868582013746,Medium,Rain,0.6515036547019686,Truck,11.776077923452691,15,16,161.4246950384069,0
2.6285339162400145,High,Clear,20.361747473271002,Truck,12.323665376412569,5,19,87.43009505808224,1
33.84979385680211,Low,Clear,23.735054043328514,Bike,8.31733671481756,11,20,128.64650554602022,1
10.545726409748069,Low,Clear,2.737480491172148,Bike,2.696967202426131,1,19,49.39293020355987,1
48.13137523853385,Medium,Clear,4.455468307806566,Bike,7.016373464363693,1,21,138.29833662679368,0
9.135810932149422,High,Clear,24.038284417898208,Truck,14.521087543645177,15,20,119.06954673284176,1
21.90195793889714,Medium,Rain,13.669733519188485,Bike,11.294792895587777,2,14,88.96202954294098,0
6.096784067774905,Medium,Storm,0.8478175445572307,Van,12.167439058186982,10,10,102.56953376896497,1
49.849964088605475,Medium,Clear,6.811983969706464,Van,0.49238248228860193,10,10,186.9417553945542,1
26.105360495899646,Medium,Rain,11.52362001958706,Van,7.017891939512398,5,16,103.16457472762629,0
30.5784808313621,Low,Clear,17.476268320106808,Bike,9.69931700486333,4,9,107.27521241796049,1
5.219670914644519,Medium,Clear,18.462429264351588,Bike,12.450490254421121,1,8,52.05733994811879,1
37.99810257916053,High,Clear,24.887827066673676,Truck,0.7391048037415721,4,9,156.6404125799628,1
12.075468468588117,Medium,Clear,7.544024384902096,Truck,12.786583284628096,4,19,79.94162138150415,1
45.10660589315426,High,Storm,13.686392495777643,Van,8.226014051128676,10,12,202.35513635419844,0
11.846702743136344,Medium,Rain,13.566426922560323,Bike,2.959709558640899,4,13,71.3609618085122,0
11.153010591855995,Low,Clear,10.438308856457319,Bike,4.7588282467455,1,21,19.801124395611545,0
3.7543840567085542,High,Clear,4.6444663991392945,Van,4.228943276273411,9,20,92.58351974425536,1
24.659213365279964,Low,Clear,24.44768579800414,Bike,7.962885514327137,14,12,122.16839448661824,0
29.11237439660559,Medium,Clear,21.406271073331357,Truck,0.7752851986669773,3,22,111.1634344735778,0
5.154014692560914,Low,Rain,12.709159193208812,Van,2.378042377498853,13,17,106.31381280211568,1
39.22532560136051,Low,Rain,15.27951285575873,Bike,12.190395650636736,4,19,124.39236885151101,1
23.757864067905324,Medium,Clear,6.067895812211726,Truck,1.989059861202166,5,20,107.51205142888823,1
27.17073292772384,Low,Clear,13.8227832245978,Truck,3.5009440418719047,13,20,137.77201023352347,1
23.156611853034953,Medium,Clear,17.526768261476157,Bike,6.8005590840623595,13,10,123.05784075906044,1
21.236626922015645,Medium,Clear,13.121592195471425,Van,7.756813321699957,7,21,97.74654774237392,0
28.86273590279446,Low,Clear,24.76198667933106,Bike,11.45415719421238,6,10,105.0208217344208,1
9.4515318046742,Low,Clear,15.477870578069291,Van,6.709986399992816,5,7,64.63397191465971,0
10.732550263773014,Medium,Rain,9.588855958508141,Bike,11.847969315533081,8,14,71.95599494361366,0
43.36570980864883,Low,Rain,19.417724676588033,Van,9.275194605681861,14,14,164.49850521250315,0
47.413542182414375,Medium,Clear,4.67633153375023,Truck,1.6964960913573368,1,9,161.3599977925877,1
19.91884718142814,Medium,Clear,9.92063743580353,Van,2.3449715758925787,7,20,118.06823795662348,1
14.995744310890581,High,Clear,9.000494284250854,Bike,6.555505881746562,12,16,118.73354734558708,0
32.91197807547276,Medium,Clear,11.079273830140544,Van,5.953340896335594,6,6,116.64251874839282,0
21.619240212708625,Medium,Rain,19.653605735253795,Bike,11.15316404455942,11,6,109.32409444654559,0
3.2185450716965534,Medium,Clear,12.362239288003483,Truck,8.711057096960278,5,13,38.12740363739474,0
9.495324673577137,Low,Clear,19.95335403151609,Van,5.82199621503374,7,21,77.54948315219184,0
36.36666698467508,Low,Clear,14.623978126926714,Bike,2.5614042517557847,3,14,106.96364908717145,0
33.628349211687265,High,Rain,8.880701149110106,Bike,3.402556534882427,1,17,148.38303296617227,1
3.3006076401672075,Medium,Clear,20.344479220245073,Van,8.632515277035886,9,10,82.92172331312588,1
12.654663772781573,High,Clear,6.338096928550744,Bike,6.351582073496887,2,7,71.37360762932272,0
13.091590236227427,High,Clear,5.9973830050949894,Van,7.723912632910081,13,12,111.52427310918243,0
34.25085169273896,High,Rain,12.860321639343477,Bike,2.560161529533505,10,15,153.32755748069513,0
2.9461058122094794,High,Storm,6.890806526071178,Bike,9.943593785168487,15,20,123.52155083693503,1
6.9972119352595445,Medium,Clear,0.7226323563047998,Van,12.788081112839505,3,12,35.81467628910302,0
40.39597209791309,Low,Rain,16.383289418820638,Truck,3.8690926018035086,8,10,174.96796754034165,1
10.570143778608013,Medium,Storm,13.021798626073751,Truck,7.372713387477399,12,20,136.40562320125235,1
33.33181317688999,Medium,Storm,11.415186455082448,Bike,14.632909935313526,10,20,175.4283569422206,1
13.432773490242873,Medium,Clear,24.190728608148724,Van,4.998626108260915,9,15,108.391021772341,0
6.773186852448568,Medium,Clear,14.494380007091385,Bike,8.925695173856418,13,19,79.6002380218457,1
13.672265167973796,Medium,Clear,21.65407365583992,Van,1.3529355030036654,3,15,82.45738772966769,0
36.66881272907164,Medium,Rain,3.9165307870264243,Van,9.090225037191647,6,22,120.90628433342009,0
43.073430469101716,Low,Clear,14.445558346670978,Truck,1.3444765995692687,7,19,158.1612510814188,1
41.85055349921559,Medium,Rain,21.76550085490712,Truck,14.38853152985733,15,7,179.69615353248216,0
21.06480942168583,Low,Clear,14.7860910533575,Van,10.734939781084671,1,21,52.632431578655755,0
34.06808655539102,High,Rain,18.091347364111538,Van,11.822396822035596,14,18,177.9236978573419,1
11.839246179959407,Low,Rain,9.61506741139908,Truck,10.561565411574552,7,14,76.84517466685148,0
16.071091052528637,Low,Clear,2.765013167408132,Truck,8.845935541146986,4,12,64.6578120835633,0
45.02411928901375,Low,Rain,11.71855723061325,Bike,6.748691716282581,5,21,126.60863158844265,0
2.6240923285153297,Medium,Clear,10.164745075552009,Bike,12.875600696415937,8,15,41.44593457452655,0
6.104409481014468,Medium,Rain,21.74297446828421,Van,14.352535013145946,4,14,48.62619160374328,0
11.978540247009311,Low,Clear,6.47788490763557,Bike,7.485542593561219,15,12,70.00822581965886,0
3.2735457859433463,Low,Clear,24.18498857461015,Bike,13.97302573732893,4,21,25.51676284821797,0
10.708900884310271,Medium,Storm,23.974383935210156,Bike,8.749993649827763,8,14,105.8502463045254,0
29.985994926545224,Low,Clear,6.566975255250248,Van,8.075762803446498,15,22,132.72088453115828,0
22.228378428439903,Medium,Rain,9.027272909194352,Bike,6.8172409943303505,5,12,110.27567882836203,0
44.84824213169479,Medium,Clear,22.441115651410183,Bike,3.139316422951798,13,16,170.403183510609,0
41.23729096344516,Medium,Clear,24.182244411954635,Bike,0.05579491227088784,6,13,142.6474542756803,0
18.407232881498047,Low,Clear,11.36425801948308,Truck,3.622593402840919,12,12,103.53649865181515,0
14.45232480470204,High,Clear,8.364427618201997,Truck,7.6458475740534775,11,17,130.49043431531172,1
20.22523559202881,Medium,Clear,13.38930332466278,Van,5.699399283896288,14,12,102.69014623474874,0
30.334157240710773,Medium,Clear,17.3503455559605,Van,6.727278420039507,5,13,126.53693123855112,0
14.86705475949806,Low,Clear,7.200125626687005,Truck,14.709723293460744,1,12,33.0122739497721,0
31.959147576758433,Medium,Clear,18.543592778167284,Bike,5.254085560039914,7,11,126.78721286422355,0
21.65175930517954,Low,Storm,1.7656052493087053,Bike,6.782744090401619,6,14,98.27673286298534,0
28.49826468089505,Medium,Storm,1.7077150727282029,Bike,2.0027332702922935,2,18,122.97571841995185,1
22.9340733984952,High,Clear,9.964048776065859,Bike,0.7193659865548147,11,12,130.61788119964393,0
16.13435645801205,Medium,Rain,9.160093205487655,Van,11.63114271888742,7,13,88.45159381522362,0
47.52575873418352,Low,Clear,8.23301377649523,Truck,8.56024762607968,6,22,135.12972196698675,0
38.65307811966852,Low,Rain,12.529984185388296,Van,11.410572090658425,5,22,111.24198734538174,0
8.725432436789722,Medium,Rain,8.357972766633495,Van,2.2479419832982743,8,21,71.59883121042905,0
43.68646284309982,Low,Storm,5.210319002468252,Truck,8.577431567740364,5,7,148.1845942558976,0
25.396697515976655,Low,Clear,8.082003952670721,Bike,3.804637115120633,11,13,97.56182128481585,0
44.938506890916386,High,Rain,24.385154683850757,Bike,3.420927253500299,2,22,150.97843723385319,0
40.39305228547113,Medium,Clear,10.572278716373791,Van,0.17289021079477884,6,18,154.7345415913072,1
22.410248214523207,Low,Storm,11.395463033029227,Van,1.9551108535360784,14,15,127.18177983416628,0
3.078526799365635,High,Clear,14.62535225380293,Bike,4.6390216724954305,12,7,87.06218067084629,0
14.896513250477412,Low,Clear,24.59184882614855,Van,1.7531814088640858,1,7,69.82796568328429,0
27.99844230372161,High,Rain,6.4192312726761935,Van,14.787876606164062,5,19,139.32799725826158,1
32.40695455165507,Low,Rain,17.19141170804463,Van,4.62948972785926,14,21,141.8580240013259,0
14.37860890079371,High,Clear,18.04162499177224,Van,1.9548592005349223,6,12,95.10444466586975,0
8.689091555495558,Medium,Storm,15.379448211430114,Bike,2.986234692419366,15,17,142.67860949075703,1
42.076651366366356,High,Clear,2.67016932109778,Bike,8.815548425122147,7,19,160.90262778808665,1
49.251304673770505,High,Clear,17.083370757775622,Van,0.9606528579718276,14,9,235.48531797537692,1
27.23312875052892,Low,Clear,2.0703204203862993,Bike,12.936511952117353,2,9,73.82399907730795,1
10.240605720718568,High,Clear,15.105494913972475,Truck,14.42249518855721,1,8,86.59751791592217,1
15.07075167292971,Medium,Clear,18.619738841932694,Van,3.701211310010713,6,6,95.01338210686329,0
2.882752474278403,Medium,Clear,5.668762320188785,Bike,6.751429028862891,3,22,30.403888377047398,0
45.886342714903954,Low,Clear,21.119739184797965,Van,0.33201676544245606,5,12,138.1872544753101,0
7.6520519787267745,Medium,Clear,1.2436682355586044,Van,9.610653370908322,12,21,79.59044760152923,0
29.67279082468417,Low,Clear,21.1734151596285,Bike,6.208890870788833,15,10,142.82684439472638,1
15.154650592985888,Medium,Rain,11.778061740747745,Truck,4.050876991523335,11,12,115.69944383437982,0
28.600544120758084,Medium,Rain,5.83090452832529,Truck,3.102556659249127,13,19,169.76203612004846,1
33.26817864088948,High,Clear,3.7775645523522163,Van,9.810346164881407,15,7,153.88983075815509,0
41.82760657794568,High,Clear,23.856025605768128,Bike,6.243255465484717,2,8,167.87194624618948,1
11.908221044508954,Medium,Clear,2.2803068957383394,Van,2.6948893354486803,15,22,85.08016264787437,0
2.527799775607063,Low,Clear,5.377788788430179,Van,10.33663622230236,1,21,27.79357696912958,0
8.57051024330275,Low,Rain,9.021647512109626,Bike,8.476084245550405,1,13,49.40947726867458,0
45.200894808709045,Low,Clear,15.695753799547452,Bike,12.880080823942443,13,20,154.43565474141522,1
43.94672372300073,Low,Clear,13.84762658926441,Truck,1.7621384831473934,11,12,143.51466130251094,0
30.6758289041748,Low,Clear,3.5782655641016925,Bike,11.784999029166842,4,14,81.45387807680875,0
30.82480930081536,Low,Clear,7.598335601586259,Van,10.102751802258885,10,11,112.62222152717598,0
33.92176037822026,High,Rain,6.34941839160759,Van,1.7251640524214673,13,19,181.78924593368671,1
10.41782137392558,Medium,Storm,5.731799935013364,Van,10.422310948075811,2,19,95.60302574508785,1
45.891773404398066,Low,Clear,10.573036243759683,Bike,6.623209333197456,1,19,144.86584681459183,1
22.100985194819508,Medium,Clear,17.748770588495592,Truck,14.174771783337647,6,9,99.57672419296779,1
20.390649355975878,Low,Rain,5.827596839322281,Van,2.1241702592684897,14,9,113.56691044400867,1
26.908049853576202,Medium,Storm,9.483632552723044,Van,9.64250086223607,4,20,135.24859915340207,1
4.254366405202642,Medium,Clear,10.077476957608475,Van,5.729700681944189,10,20,76.86161387059305,1
9.981601700291812,Medium,Clear,24.42318497116755,Van,14.352220058863166,13,19,98.18334308621485,1
37.42561358846578,Medium,Clear,23.88932574353719,Truck,4.949623429354147,12,6,166.87322035730654,0
5.9743360604060705,High,Clear,20.10337077742586,Van,14.432788642377002,15,15,97.66855759247102,0
30.951301254386635,High,Clear,6.420643560070037,Van,13.522287766511237,7,15,125.29029442610853,0
13.776757264703406,Medium,Clear,2.1669141952459072,Truck,4.055748529659845,11,15,91.32830677301351,0
20.686189474014874,Medium,Clear,8.264151374155308,Van,12.053126652396415,6,7,85.44915915286367,0
15.857299364993594,Medium,Clear,7.036466461128856,Bike,14.93406302705259,5,13,66.54958314254182,0
19.07229039031756,Low,Rain,12.89518210358665,Bike,3.789945032569235,10,6,117.7171021623512,0
36.51420344884379,Medium,Clear,19.55433379666093,Truck,6.551657539849795,12,6,154.17119825330465,0
16.2618423499124,Low,Clear,21.52891200253202,Van,7.802711048501395,13,9,117.3705648814085,1
29.187422734251065,Medium,Clear,21.19917009255746,Van,4.423967037057965,12,12,134.58406259925832,0
24.850419305556784,Medium,Clear,9.31205124996516,Van,0.2289725946904464,12,14,106.52464769145402,0
33.856215937407114,Low,Storm,17.33724141478673,Bike,3.3019386629629,12,21,146.37358395737897,0
46.96782748758838,High,Clear,8.16443783934339,Van,4.229053265126376,2,10,171.03481684843456,1
37.163460666092014,High,Clear,1.9921858092619764,Bike,6.653995519772807,5,7,137.920998433093,0
12.317138172356325,Medium,Rain,17.688349007272087,Van,2.5665371762010283,9,16,98.91722512339653,0
3.4967904829416643,Medium,Clear,0.7407750379598022,Van,13.098815350375089,9,18,75.83596924363306,1
14.588674126391604,High,Storm,10.52497339273297,Van,10.573666990970041,2,16,91.64001178730848,0
30.56374067361223,Low,Clear,8.569792097900855,Van,1.2780071633949297,7,22,107.60759079043375,0
4.468439047244017,High,Clear,17.487749693711883,Truck,9.751386767098971,10,10,113.7738731605405,1
25.825579865659343,Low,Clear,19.273014082629285,Van,9.804847146084306,14,18,121.94547293829585,1
30.64845674801068,High,Clear,7.950318581296454,Bike,14.343317604654416,4,6,119.69929372362013,0
18.043706759214118,Low,Rain,20.38486185389891,Bike,0.045313070342418715,13,15,116.3458657371421,0
39.00378577979945,High,Rain,7.700960632370877,Van,3.718986747087108,13,13,169.6322783190434,0
7.1167161504210465,High,Clear,11.43499581967075,Truck,13.916872190629732,3,13,70.22855480418556,0
5.606613523318821,Low,Clear,18.31195391184628,Truck,13.982008730974245,11,11,63.828638569015595,0
36.953060297772964,Medium,Rain,17.47654561600732,Truck,10.808796290559561,1,17,139.35558504375584,1
25.783583177897526,High,Storm,24.6905275716489,Bike,11.4864498157131,3,12,117.96129401109147,0
35.04331502853133,Medium,Clear,6.016445093290331,Van,1.3722443689447066,11,21,137.99877546118742,0
22.87171225297982,High,Clear,16.726788881719767,Van,7.708137521673504,9,14,120.75526610908778,0
13.827297595477127,Medium,Clear,15.437206752756547,Bike,3.473744869334991,14,15,85.4576708918074,0
41.316911248361585,Medium,Rain,22.91991213500573,Bike,2.718270654204259,15,15,165.3033443740043,0
40.371962190511006,Low,Clear,4.330872470299439,Truck,12.154549486849987,9,15,122.19451944664898,0
35.34543060101248,Low,Clear,18.91905500787986,Bike,2.0255720502082113,7,21,107.37490641283108,0
15.06296658703821,High,Rain,14.422581098584825,Bike,7.029774554945779,3,6,94.17277320048095,0
30.33107200971618,Medium,Clear,7.229313809803683,Bike,14.078673593790496,13,22,128.28776359469376,0
19.326747053121288,Medium,Clear,12.123655396605765,Truck,2.787480833480138,3,19,100.04779306447163,1
6.395939519678439,Medium,Clear,8.677526628210046,Van,14.669901356073519,4,22,52.50259671837872,0
46.031051622187654,Medium,Clear,14.693178368317291,Van,14.914319786415886,7,19,167.0993778524682,1
8.567294284110147,High,Clear,22.280514964959313,Truck,8.334257320236043,7,13,90.29647826223199,0
47.61139298339852,High,Clear,14.44797211809895,Bike,2.5521411026573686,12,14,187.0244918682549,0
23.408277101981874,Medium,Clear,15.977199249001309,Van,4.741573319113435,12,13,116.51020944085322,0
10.886380584253743,High,Clear,13.209322254310381,Bike,6.367392490148028,14,18,111.49674804868695,1
28.011245474161193,High,Rain,1.7535549079141597,Bike,4.639863365373344,2,22,108.5525179562675,0
43.9014001220676,Medium,Rain,6.205034643464309,Truck,4.2095336981477365,12,12,177.9964007205062,0
37.146794547658935,High,Clear,12.554042371086027,Van,14.583445638245363,15,22,163.47947000718653,0
40.71493509734959,Low,Clear,8.100764451745267,Van,2.3004724112361847,5,6,128.4651309481697,0
33.62160160211443,Low,Clear,4.953208145149258,Van,10.999918630752934,7,10,104.80531488059079,1
35.22927509685692,High,Clear,12.851254627001738,Van,0.006154341587623069,7,11,134.82484833368122,0
42.761391275135324,Medium,Clear,8.408839939472333,Bike,8.942740041035652,6,7,119.63816392443292,0
13.984064425240925,High,Rain,6.82363725774866,Bike,13.739145059310786,10,21,103.49512417712444,0
25.492398254870743,High,Clear,11.86764272728933,Bike,4.319011411398285,10,10,130.75691719943595,1
12.618053207340907,Low,Clear,3.765464323013242,Bike,2.782889628865788,12,10,92.41235118592748,1
49.408064383839054,High,Clear,23.229770460347478,Truck,9.775196923176404,8,17,204.03208313553958,1
47.31484830495744,Medium,Rain,21.758701399021355,Bike,10.689021109475897,3,8,173.2869930603382,1
3.892486945688283,Medium,Clear,17.836704350643114,Bike,10.32045778427972,15,21,86.79721198893773,0
35.867608280753046,Medium,Clear,3.102238775917177,Van,4.789753200320611,1,11,102.5993619943006,0
46.411919235951956,High,Clear,19.50899273450748,Truck,3.783036032389963,3,20,166.55083700611422,1
10.66761656611201,Low,Rain,20.294954538670964,Bike,14.338781999430664,11,20,84.04542894795604,1
29.261371066526216,Medium,Rain,19.310233134001273,Bike,13.849492624048942,2,21,107.86868981950835,0
45.943438284226005,Medium,Clear,3.2921642344214086,Van,6.8597491483923045,2,18,143.62250183791306,1
3.6294069721183444,Medium,Clear,16.275744948160238,Van,12.692907992315602,14,17,89.33231495635413,1
35.476172827848316,Medium,Clear,20.940957495860264,Van,6.78485216451444,14,15,146.4917476579964,0
16.27275235388244,Low,Clear,14.645158329881859,Truck,6.365835271087656,2,19,91.48281449648738,1
46.37101737807346,Low,Rain,16.33698069308818,Truck,2.35144421398942,5,7,144.73733998459727,0
48.61079576793765,Medium,Rain,11.7299052459445,Van,6.396090847379592,13,8,199.46646916549028,1
47.324791477444826,High,Rain,13.453329337159289,Van,8.061254078997106,1,14,169.24011174398598,0
24.76228239955826,Low,Rain,1.3422330296172678,Van,0.337564911430297,10,16,126.40914672141291,0
43.378047247487046,Low,Clear,16.154594038345472,Bike,6.661695077631096,4,16,114.19803898347841,0
42.53837112968338,High,Clear,2.4954567158334005,Truck,11.720343275928006,14,15,184.76799864420974,0
17.31682271567627,Low,Rain,11.157857561335472,Van,10.200690845614048,10,19,100.78358749627922,1
41.787942759232514,High,Clear,7.670049892851492,Bike,9.527354832959025,5,14,153.01338661507205,0
3.776366466343646,Medium,Rain,13.86298478018697,Van,13.643331426558037,2,15,61.08112217160922,0
30.620954167138546,High,Clear,3.7687002203185735,Bike,0.27048014737845016,5,14,116.35200093861181,0
13.040424189809746,Low,Clear,17.445263348346295,Van,8.355713792883513,10,10,95.33791242627608,1
7.787210517309383,Low,Storm,19.977782654747525,Van,11.810232726145607,15,13,110.5821931085001,0
5.6937536782020395,Medium,Clear,4.502184018707334,Van,8.12003074051901,4,16,46.25185880519209,0
35.42186124215071,High,Storm,3.055670640121113,Truck,4.858433288705688,8,6,178.49254834735464,0
18.313998260867173,Medium,Storm,4.065129328290299,Bike,2.0437584763796677,1,15,96.87872274285247,0
36.78880503338055,Low,Rain,21.989625266513293,Van,13.313446077242869,15,6,166.05818414124076,0
5.137104358349234,High,Rain,13.440636913030726,Van,7.061435885814045,12,12,85.58869004567853,0
17.133936215869298,High,Clear,11.947894402183813,Van,13.17172795478552,5,19,105.8917323354095,1
27.895582034016186,Medium,Rain,3.11443956800768,Van,8.787781836497524,14,10,141.42808163907753,1
39.95471191227025,High,Clear,16.414122165545564,Van,10.112881749225012,14,22,172.66538818742296,0
17.300120140739356,High,Clear,21.765990001429703,Van,12.06391731567675,11,11,107.76436293692883,0
32.04278606897644,Medium,Clear,20.790553798424597,Bike,9.887333169002016,12,21,127.82161889106241,0
44.52693191533698,Low,Clear,15.838340370029632,Truck,5.970822610184065,10,16,143.73283254562028,0
31.56143303275062,Medium,Clear,2.344328557966004,Van,7.704500758929765,1,15,97.33500668528109,0
13.18205478817442,Low,Clear,3.2537271658123177,Van,12.045682870138197,10,20,91.09393210737545,1
3.171237514713825,Medium,Clear,1.7080701841907047,Bike,5.604754445594763,10,12,54.1088652409036,0
43.764745947244634,Medium,Rain,6.808240804065498,Bike,5.8218218515274565,4,7,151.4528455299675,0
3.0209317208185826,Low,Clear,3.823705945429255,Van,1.4353517408700172,8,17,71.18771993807806,1
43.98568028884157,Low,Storm,6.87117698618463,Truck,13.718766528326215,1,17,169.4709475096098,1
27.388982433306175,Low,Rain,9.933922365114562,Van,1.365544724181626,11,21,125.93105449817782,0
47.07524952861902,High,Rain,23.603078209742822,Truck,9.723137661728337,15,11,208.5549638739389,0
40.34159531713594,High,Clear,15.454213464651456,Van,6.197917182041966,2,8,142.52025309234511,1
49.9008373056002,Low,Rain,20.956857749232576,Van,6.084290853831636,1,7,135.99581262874213,0
18.834167141682087,High,Clear,17.90361176745214,Bike,10.19327754859026,11,10,125.88358587544272,1
38.82503786869409,Medium,Rain,3.2563266979024776,Truck,1.0064059894481807,7,16,150.03361661454204,0
21.292683853243624,Low,Clear,18.530049956161747,Bike,8.905586744271519,2,8,97.99473178434738,1
25.034029774587623,Low,Rain,7.239922598198548,Truck,11.580476789585322,1,8,96.6886427293425,1
32.120262234481764,Medium,Storm,16.158142251370307,Truck,12.423191368298912,15,10,171.2345472950355,1
43.93650148094426,High,Clear,8.85356835425322,Truck,2.5579558409066294,12,16,189.02925036356373,0
49.23600652156617,Medium,Clear,24.94297044998415,Van,13.461285751172605,6,8,173.13221132615655,1
38.87712386549687,Low,Rain,6.957011247671057,Van,9.842191377711632,6,18,136.41943570308965,1
22.05280554403202,Low,Clear,7.338696533969607,Van,13.227822012310241,10,13,104.52382203593255,0
22.22513610929937,Medium,Rain,23.30147026127876,Bike,7.279210756652974,2,15,76.05447698864042,0
37.40395047626679,Low,Clear,1.1037879135899054,Van,8.13050017645803,15,7,148.1662734730799,0
13.461302996878512,Low,Clear,17.568880202893325,Bike,13.785574155430067,1,9,52.40674170717711,1
7.302757430306944,Low,Storm,18.270496573029014,Van,13.498643150320076,14,9,103.05848340074505,1
19.021863566757276,High,Rain,20.991275146554784,Bike,6.7224131005350305,10,14,143.0203018912315,0
15.787471599395923,High,Rain,24.373763110642646,Bike,4.1161894745352265,3,21,104.86387687009804,0
16.222789781887524,Medium,Clear,24.402247019337985,Van,5.897556518463962,10,11,96.12536929656532,0
13.213172050395677,High,Rain,2.0992805603783653,Van,5.816464927946246,14,9,134.60044525371592,1
4.02047310254537,Low,Clear,20.63506340744611,Van,4.30300312474191,5,14,46.82826120137413,0
2.857948867203863,Medium,Clear,16.334593374605845,Bike,4.0286940649944984,6,18,62.08593180961803,1
49.41067470732951,Low,Rain,16.359882292140732,Van,12.915944047195792,3,14,150.49355611748797,0
22.533110419321392,Medium,Clear,3.6445732020600223,Bike,1.0479288102699251,9,11,101.71158363951275,0
20.447679063664722,High,Clear,16.42958557791851,Van,10.164167731493912,11,19,143.74443032071525,1
34.62306956926735,Medium,Clear,24.57082322473057,Van,2.5923007718467845,5,20,143.3601113235398,1
12.47618661752308,Medium,Rain,22.83955495371645,Van,5.167588400910948,13,8,131.26606406501747,1
47.598136829610816,Medium,Clear,11.258701189718838,Van,0.9231455120225529,2,10,168.68200804589918,1
39.744560691946496,Low,Rain,1.4787253455093112,Bike,4.049604552831931,10,19,165.1633424090706,1
6.291728110988457,High,Clear,9.376190505005018,Van,11.526316066758632,6,21,74.82998916848162,0
22.04387723767656,Medium,Clear,20.746562634213603,Van,13.275229868208879,12,19,118.20526626516752,1
44.197678762983905,Medium,Rain,17.686727985896567,Van,3.3229072785355056,8,14,162.38626411057243,0
47.347137069987696,Medium,Clear,11.753919562051932,Van,6.9532175888838275,11,20,179.50589637536038,1
24.435272539993747,Medium,Clear,1.8499876113913618,Bike,7.054860719058096,6,12,86.17553597209789,0
31.443746682113968,Low,Clear,10.958920831670914,Van,13.103629586396012,4,19,100.60772753859032,1
10.01762941241961,Medium,Clear,11.991111023088147,Van,11.44198579313708,6,11,65.47808948457761,0
49.576094054574874,Low,Rain,23.24961055590633,Bike,7.696158275520748,8,20,164.18138288935347,1
13.120241666405283,Medium,Clear,16.20660953776291,Bike,10.061208007076601,8,13,65.06867467326663,0
47.25112515848603,High,Rain,8.135496458038897,Bike,12.710325808640503,13,7,172.07615181040364,0
33.183039151633686,High,Clear,13.370297479042675,Truck,0.14308431038317415,10,13,161.4105163616358,0
31.171366154185236,Medium,Clear,2.1183550416429218,Van,6.043350465750729,2,6,102.21373325636576,0
26.609048528792414,Medium,Storm,24.327921773418552,Bike,13.60864750915618,8,22,126.57035735079617,0
13.072150962452417,Low,Clear,9.321467597302787,Van,11.10469546265927,6,10,81.09133961247309,1
10.473345536264397,High,Clear,12.207750195371828,Van,8.14262061501112,2,21,63.8095013975765,0
12.583338035368417,Low,Clear,9.204457368804604,Truck,7.944667905527002,1,12,52.59616229104566,0
10.949036582924217,Medium,Clear,17.221537387846904,Bike,5.2165514640665664,6,12,68.37548428041028,0
39.42005473120416,Low,Clear,16.72468787907503,Bike,7.807808004622718,13,7,131.40607205324508,0
18.806012440003045,Low,Clear,18.025396607963824,Truck,9.8307479919518,7,20,93.87717834886057,1
4.776448475043026,Medium,Clear,7.06950912549206,Bike,6.275445576431896,14,19,84.40619053743582,1
48.51692624675894,Low,Clear,8.233877788519617,Bike,10.71229719588261,14,14,157.071288964637,0
44.42172247824443,Medium,Clear,3.5686551618570945,Truck,12.918483408905788,10,19,172.38946302090756,1
46.53210959337022,Low,Clear,16.559994310229758,Van,2.3202727227729176,5,10,149.8992702836598,1
49.75557548702889,Low,Clear,1.4750296197234873,Bike,6.773205342261367,14,16,152.8631259716166,0
10.34697196253539,Medium,Rain,15.143217220324747,Bike,6.120301369276216,10,13,88.2650002774846,0
21.01961690732762,Low,Storm,21.80754917886503,Bike,10.311972060745921,8,10,108.41221242005915,1
38.395446833796385,Low,Clear,22.32538763309602,Bike,3.7480119788689406,11,16,134.5603188543787,0
35.40898966658203,Medium,Rain,11.501425129064062,Truck,9.603763724284144,13,10,184.73646895839906,1
9.387003504313043,Low,Clear,11.752940361220308,Van,13.16233862597232,12,22,61.60335977343411,0
41.15998999954965,High,Clear,2.3857449836964255,Van,6.27197399690434,9,9,171.95456826517992,1
12.773147448159712,Low,Clear,16.933743123354375,Truck,13.6652354996883,4,20,80.29204007379434,1
12.743245511485908,Low,Clear,20.620855799134716,Van,14.897456084002176,7,7,67.37186151636558,0
27.774772298883853,Medium,Clear,6.49404883781547,Bike,1.591380749219281,8,22,110.59902420520326,0
30.461116872401753,Low,Clear,10.821871600017435,Van,3.4957978197728794,13,17,138.53724571496411,1
29.844137976214938,Low,Clear,21.051563750749125,Truck,14.255696272231399,6,22,91.73613323970463,0
6.391368195092234,Medium,Storm,21.989451457726055,Truck,14.374915297220802,2,15,79.18660836881278,0
44.118121406258254,Low,Clear,6.457909516473536,Bike,1.4656091308013774,7,18,135.40064802060158,1
14.748802044257891,High,Clear,13.988980546263424,Van,0.22497750565705021,13,19,119.6420467070644,1
8.2167162215746,Low,Rain,5.216082190577763,Van,2.4165003488463337,9,21,80.03402873068873,0
44.6599078337109,High,Clear,2.996029721419135,Truck,14.940191750733725,5,21,155.44414462321862,0
47.87127191502816,High,Clear,22.82245228410296,Bike,2.699994249160303,15,22,203.1825466736327,0
43.38212562874163,Medium,Rain,20.602433853686673,Van,7.538214100830347,2,12,135.7288797198804,0
40.856771586794146,High,Storm,19.12085509417776,Truck,12.726265896457665,4,17,192.127095786148,1
33.45161507067304,Medium,Rain,1.6947748109219403,Van,0.3060241603230951,3,7,118.42936182198187,0
28.441153789238687,High,Rain,21.17135542140131,Van,9.067334733876892,4,15,127.10870372302007,0
6.175364475747687,Low,Rain,11.232079859681901,Bike,4.155381733044365,10,10,88.98275740461463,1
21.60575422739354,Medium,Storm,8.888680520748562,Bike,12.935023746595974,7,8,124.09734813963983,1
19.88904881659107,Medium,Clear,13.888670845121723,Bike,4.2519172389611875,10,18,108.6443220643815,1
14.468181620495658,Medium,Clear,2.7381544467271177,Truck,10.301335804228634,8,17,86.62313760116963,1
36.72416545705208,Medium,Clear,19.037840459133772,Bike,10.113294486710954,1,8,124.25128758372635,1
25.802035283781,Medium,Clear,14.76965938376325,Van,3.3224032328946,13,11,135.75174516173442,0
5.890218363567101,Low,Rain,5.0714573733926045,Van,0.5219879980252518,8,19,74.05087296171467,1
12.568793693590944,Low,Clear,5.111688894341617,Bike,6.1387436067809595,5,9,72.0412738311688,1
34.796420655660604,Medium,Clear,5.014091963530518,Van,4.337897279488045,12,18,147.29451061623078,1
5.654281255534409,Medium,Clear,1.8965584950223826,Van,12.13466624420563,7,8,74.38989966643692,1
42.8579318743409,High,Rain,14.901062009606278,Truck,12.005462826830179,11,11,183.16176728273967,0
25.767033296670768,High,Clear,21.08853035091845,Van,6.855359282889382,11,21,138.72686082969108,0
25.068155711679104,High,Rain,0.9287062426910206,Van,9.097683379848284,1,8,115.61756026025905,1
30.435573663656847,Medium,Clear,1.700613801796202,Bike,9.063892739803878,2,17,108.16276960672545,1
41.58468636440716,Low,Clear,14.532871778830172,Truck,12.407372226414351,1,9,121.86541941247772,1
18.694841979305266,Low,Clear,20.577644291958283,Bike,6.375036211847963,5,6,66.92141095009907,0
34.54477532283505,High,Clear,8.505102818931523,Van,4.131700196857636,14,7,150.52891036699427,0
29.15513427179797,Medium,Rain,9.065552770789193,Bike,3.975523772108212,14,18,148.95660256323077,1
14.817356968132223,Low,Storm,15.11048918867101,Truck,8.042884189233062,6,18,107.24858677114304,1
44.17423934504758,Medium,Clear,7.218215783541601,Van,6.737223040983189,10,7,155.8223997516676,0
40.27644903713255,High,Clear,1.1519049689032612,Van,6.601811564774042,9,21,160.4951515736115,0
33.605688063604426,Medium,Clear,18.513098693489102,Bike,1.3670600863456084,8,17,137.4549960021977,1
42.82792299652361,Medium,Rain,15.828422867065601,Van,10.779056110352935,7,6,149.8225774017111,0
43.63012164607051,Medium,Rain,14.728521976863648,Van,3.2060503197286607,12,14,187.0674921731633,0
36.00142288232167,Low,Clear,18.671261160299668,Van,2.9543044531308205,5,22,116.42349668938658,0
42.17663976145626,Medium,Clear,17.04315552026992,Bike,6.191374804160902,14,15,155.5054725087383,0
35.47863016012562,Medium,Rain,5.544108710368868,Truck,3.4166751242670212,15,12,152.8228942199775,0
34.64675704449442,Low,Clear,9.135785650112103,Truck,8.757874009620231,3,20,111.58271116077697,1
31.693346154328847,High,Clear,3.5896984711263125,Bike,5.571950090017072,9,14,126.38123898778674,0
38.13039869876678,Medium,Clear,3.6814968287380854,Truck,6.733675838891852,13,15,168.6114501194348,0
9.613045054067538,High,Clear,17.066795785735213,Van,8.057539824060433,5,9,88.88838560636364,1
44.281796441548565,High,Rain,21.535702621071206,Van,3.0530328372270725,3,11,166.92336524570607,0
43.848489331771134,Low,Storm,24.086948304597907,Bike,2.336274342982947,3,9,166.9941494331504,1
3.403869585658839,Medium,Clear,15.894504379961388,Van,13.206328543104071,3,10,64.338726187104,1
41.639204027108605,Medium,Clear,5.010482422343446,Van,6.505855542471315,14,14,159.21942720835622,0
8.18575363872537,High,Clear,3.088433463498802,Van,6.181404144488088,6,17,88.06197034102435,1
18.08570500443881,Low,Clear,20.414848802650567,Van,0.5341822540926222,1,13,61.89410987477991,0
37.68839630199717,Medium,Clear,14.679533670819982,Van,7.469644538810899,11,10,161.92763295957067,1
9.716475010318794,Medium,Clear,15.647983014836136,Van,8.312545824165001,4,16,55.728286758243414,0
41.262417157714985,Low,Clear,19.645821174490376,Bike,8.382613064319997,13,16,133.1138155646785,0
41.942440541971614,Low,Clear,17.730292079445064,Truck,10.605467539843264,8,18,146.91056281362552,1
26.358451220520138,Medium,Clear,20.944227194974367,Van,2.6622275248651768,3,19,105.59341545387194,1
2.306521842408012,Medium,Clear,1.8772406837670226,Bike,3.783347013459282,5,13,56.509637358013435,0
15.777830392395813,Low,Clear,18.814255600289368,Bike,12.160956978456191,2,17,69.33987242117813,1
31.612492082035626,Medium,Clear,21.345892554391337,Van,14.20755925265091,15,17,167.61924831971118,1
49.096936545316325,Medium,Storm,7.510308540228701,Truck,2.03899121050981,2,15,177.89416371429203,0
32.327049296800084,Medium,Clear,16.190958212834694,Van,7.464743317578273,11,12,145.01129341373021,0
14.47057189107967,Low,Clear,8.196970564005817,Van,3.212643791093803,13,17,106.0738001373496,1
32.43227374878134,High,Rain,23.970291128820122,Bike,0.9010975253247366,7,19,170.8291766901089,1
27.919298226361065,Low,Storm,1.318877524669842,Van,4.882550071892031,10,20,127.90827096178569,1
39.43257896725489,Medium,Clear,14.7049246739074,Truck,2.155314377763191,3,21,125.85950908580828,0
7.135070663694004,Low,Rain,4.57933690271312,Van,10.648996101513694,5,7,51.07614869691322,0
38.52933932009734,Low,Clear,17.94939502684039,Bike,8.005881205071667,3,17,121.13163191787008,1
27.98079577645329,Medium,Clear,4.809311943757221,Van,2.1575170648546633,6,21,107.90394808724587,0
48.22361618523174,Low,Clear,6.2668899165097605,Bike,0.1386238260827155,13,18,177.79843023414773,1
18.409863969856932,High,Rain,12.612084870621073,Van,12.12235573536319,10,22,124.17166935355192,0
32.36585087042951,Low,Rain,22.91345627492351,Van,2.6429160924637127,3,8,135.03117527389992,1
46.73734906448084,Medium,Clear,5.687002117625285,Van,9.09324963331149,8,15,155.88996714521062,0
6.920466943552604,Low,Clear,4.033880517393536,Bike,5.053828696151184,2,6,40.226521696602475,0
46.98696738734965,Low,Clear,19.09493238042375,Truck,8.782289074725535,3,11,143.72659226494892,0
35.01851467043904,Low,Clear,12.765178542181308,Van,4.73480440473486,8,8,135.1180168319444,1
5.256178837048251,Medium,Clear,22.8387352533534,Van,1.3040934103838127,8,9,103.16706636038724,1
16.44625121344718,Medium,Rain,4.092056650416136,Van,3.344250128366304,1,8,102.81321667390932,1
35.992260254973516,Medium,Rain,16.325233379064464,Van,2.820878497186134,8,13,139.1844942101411,0
5.2328288705010415,Medium,Rain,6.205539080719468,Van,6.420290286594658,10,13,80.68875661253672,0
29.94418208846112,Medium,Rain,4.340630501965163,Van,9.87425675139236,2,12,89.75607073386345,0
18.602386733741923,Low,Clear,17.244020671353127,Van,3.9570911241953635,12,7,83.40139889639075,0
31.803944852838903,Medium,Rain,15.045273187763964,Bike,0.18104902950926927,7,11,126.09373042566946,0
4.195617623000617,High,Clear,18.993272729877116,Truck,7.784060463971353,6,21,70.64719642557128,0
43.83376669531406,Medium,Clear,8.081833122931467,Van,9.086392340384581,2,15,123.04707084981524,0
48.727470520515055,Medium,Clear,11.475305581363653,Bike,14.443057410027146,5,9,156.29029706976138,1
48.50613705371319,Low,Clear,10.434056070095252,Van,8.842062046398702,7,18,166.09409395238123,1
37.983287923660384,High,Clear,24.610191867179598,Truck,7.067588390672127,8,15,169.8967453648129,0
8.244139526270335,High,Clear,7.660099440115003,Truck,8.601024388465557,3,19,91.24287214680632,1
38.39663340459308,Medium,Rain,7.723022339495788,Van,13.918509447930406,1,14,109.34388839808702,0
3.1801719900224725,High,Clear,9.18643111630088,Bike,12.425672184024693,13,16,74.81198655113693,0
3.061930473391868,Low,Clear,14.332554991612877,Van,4.84468100045712,7,16,50.97436309141862,0
17.53329051917798,Low,Storm,6.681907234461758,Bike,3.5588154548570587,13,22,107.45592229804474,0
25.454873139423956,High,Clear,22.92460353929221,Truck,3.9395041854911046,5,7,115.73739489658125,0
38.97955605477407,High,Clear,7.0092963392234555,Bike,7.566315595728195,5,8,156.0937615674819,1
34.79817807711225,Low,Clear,22.44748542322477,Bike,11.160741768428666,7,16,108.09711716035663,0
23.40332990608392,Low,Clear,3.035139059341324,Van,7.5482881077444315,1,8,79.82364165950156,1
15.134079981519962,Low,Clear,16.585786208791482,Van,1.016945937421689,8,20,103.16485986770239,1
49.861976007570135,Low,Clear,22.72114520173697,Van,10.853710506599713,12,16,170.67624430118533,0
22.456702507326703,High,Clear,4.634361240756624,Van,12.089551930064308,14,16,142.60407433224654,0
23.66657716782442,Medium,Clear,24.224010522431747,Bike,4.3424679767957945,10,16,105.85960475057692,0
9.85394341720012,Low,Clear,11.595642330180036,Bike,9.961886089250257,15,6,78.20551010912376,0
40.15085833999661,Medium,Clear,23.670020156805098,Van,6.398878515815901,5,10,150.64936035468043,1
35.296746837511456,Low,Clear,17.08209106893615,Bike,13.336790335911642,8,15,111.66866930188633,0
12.596941413860499,Low,Rain,7.888878311902013,Van,12.678383372411098,10,15,68.25662241545065,0
5.954290189560449,Medium,Clear,5.113411860469107,Van,7.881479974644634,15,19,86.36416191299978,1
34.66396649958623,High,Clear,7.941508632514935,Van,10.372583187203917,10,7,145.42045868087638,0
33.41653828549449,High,Rain,2.778926526935537,Truck,13.25024551533156,5,9,147.1487113804573,1
15.116457295914048,Low,Clear,4.024765175411579,Truck,7.435755151174133,12,7,94.22193070587595,0
47.6414509880197,High,Clear,3.064180788488788,Truck,4.698761107332329,7,18,176.11922762487978,1
9.250778805483211,High,Clear,10.862116821668165,Bike,11.304992068643719,10,10,88.76385350676169,1
22.75207045004489,High,Rain,19.99167021831087,Bike,3.3009938217703767,3,7,110.07754470710043,0
47.293564168044746,Medium,Rain,3.9638970783003344,Bike,5.827967220090631,2,16,128.4662313235678,0
22.146911212453873,Medium,Clear,3.692850612722229,Truck,12.985908556601904,6,11,105.0350005933484,0
32.64924548787611,Low,Rain,16.264009263174604,Truck,10.866335104039726,5,15,114.36433624071644,0
21.084531102214125,Low,Clear,5.330983058217623,Truck,6.057165078712488,9,22,87.58367478936505,0
15.162329712736161,Low,Clear,2.8914459336702945,Bike,3.2211675361253613,10,16,77.53590962091445,0
49.23092710207175,Low,Clear,4.587790166036652,Truck,5.339525862483548,4,22,146.71293378084982,0
21.648032303122065,Medium,Clear,23.131419198981014,Van,4.261562238411495,11,9,130.968089204457,1
44.91676177659845,Medium,Rain,20.626045693016675,Bike,2.641339319157809,3,19,161.37818850260967,1
13.037821082772137,Medium,Clear,9.174581777699805,Van,11.14999370348485,9,9,86.1065316438727,1
12.229025793203999,Low,Clear,16.567608799521125,Bike,3.7810483027525725,8,19,85.72495573404889,1
3.4944359784565453,High,Storm,13.663254004866934,Van,6.812512052516457,6,9,121.35351313378423,1
33.28000761804248,High,Clear,17.089544455322816,Bike,5.787891702541636,1,11,115.80928591808483,0
19.689264498740535,High,Clear,17.225443235337604,Van,14.731160679534462,14,14,117.7700744834816,0
43.48919599230258,High,Clear,15.903983368969827,Van,5.866383662223308,10,17,188.00148457243202,1
24.714075521194744,Medium,Rain,7.01948352916406,Truck,1.199737241951322,13,13,138.88919474027924,0
48.47328453990664,High,Rain,1.455657308689044,Van,1.3473862885812604,12,9,202.34197795437845,1
10.905224753749815,Low,Clear,11.661386158757665,Van,8.861305820295971,11,10,81.96242536391429,1
43.69391206186932,Medium,Rain,22.328860174922244,Truck,8.990453276073984,1,11,158.0572311203022,0
39.2766489340036,Low,Clear,14.45268283370511,Truck,6.281384857239825,12,10,148.6615198239401,1
39.004248542914496,Low,Rain,20.893580521696745,Bike,6.477655384680445,6,13,122.41501284186597,0
42.54959494961061,Low,Clear,24.79479640255009,Van,0.8089887426130682,13,14,150.0503896397553,0
38.529151565263945,Medium,Clear,4.508597001387768,Bike,7.748197655838934,3,20,121.26118553186235,1
32.05857543830794,High,Storm,17.44855215897857,Bike,7.571092130705275,3,9,156.01517436207956,1
8.299754128754603,Medium,Clear,17.020192555650603,Van,2.2432397783541678,6,14,73.00899146674458,0
3.561256615580092,Low,Clear,24.508908460277823,Truck,1.5575907916639138,13,12,86.63531012701137,0
46.20069669515297,High,Clear,24.647217981843607,Bike,1.8535873589923573,3,13,159.41176188721442,0
31.599215096995426,Medium,Storm,17.323625987241172,Truck,1.515423697368878,13,20,181.894148781721,1
40.23378996685646,Medium,Clear,6.46856240356376,Truck,9.145622933051397,11,20,177.78115758901305,1
25.1130728726024,Medium,Clear,20.064618034199675,Truck,2.947239786043779,10,10,122.36507663482679,1
7.630793070194935,Low,Clear,3.1222137881704333,Bike,3.7714522828119517,6,12,50.2511829765362,0
8.008918025722421,Low,Clear,19.627132952204903,Truck,2.603582162271596,5,11,51.192181507813395,0
34.90713378699063,High,Clear,22.799805041545063,Bike,14.367529566727546,4,22,124.87421702282853,0
22.65468295517421,Low,Rain,9.879418171826664,Van,12.81926194727753,8,15,98.54748872410637,0
11.625186881616163,Medium,Storm,15.950564727085471,Bike,3.4574225602728133,2,16,70.54916186808538,0
25.59653824358897,High,Clear,11.038496936372244,Bike,4.91349440883189,15,20,157.37829308256866,1
5.082028979606436,Medium,Clear,11.225243847209146,Van,3.1483926345749573,12,15,79.33840153730561,0
29.93462729189114,Low,Clear,8.10408678314894,Van,7.378139391912356,14,16,133.48880036003965,0
14.911683412884688,Low,Clear,19.172175701032952,Bike,0.2941579871138039,11,8,121.00183315179696,1
40.28283683058503,Low,Rain,23.436325822079375,Bike,10.070520133451936,7,8,134.34478051235288,1
16.89737402833154,Medium,Clear,23.548396051244296,Van,7.847372247264625,4,16,91.47549315311346,0
23.850567155926456,Medium,Clear,4.782141479435879,Bike,13.479583924516549,2,20,88.05828824810942,1
2.5577859155888305,Low,Rain,21.93121941658587,Truck,2.465890264926212,15,12,81.86177368510273,0
5.477450614138826,High,Clear,18.567070314964493,Bike,12.061638690916975,7,15,72.85198037065075,0
20.839690707520873,Medium,Clear,6.694516316912087,Bike,11.879415217000735,13,15,91.26853692837398,0
25.037064066421927,Low,Clear,2.1484730165771064,Van,1.907717838253304,1,18,79.36643116089537,1
30.80098630972658,Medium,Rain,7.065933038667261,Van,5.978388362161914,4,20,117.5712666493498,1
15.999803778046555,Medium,Storm,22.849101801147377,Van,2.5522896171677534,9,9,141.52363432935564,1
35.35913053407404,Low,Clear,16.01287753494642,Bike,3.8208075068632334,14,22,136.95404290685806,0
43.28587506508182,Low,Storm,18.16583919199786,Truck,3.9486926224581653,4,8,165.91294520192966,1
39.43284746688079,High,Clear,6.800232602172848,Van,8.343545910386592,12,7,175.64632361912214,0
3.901703616721143,Medium,Clear,18.125009811583098,Bike,6.171163976406983,13,9,82.68692469103661,1
25.06433346837579,Medium,Clear,1.188976903809132,Van,14.21599206009458,3,6,92.44879865184888,0
7.036648564072394,Medium,Clear,9.695372971438838,Truck,1.895552129205077,10,20,97.33421269386714,1
13.618160761401318,Low,Clear,15.855457039287115,Bike,14.605382022752982,10,6,60.41411143654063,0
49.35980447682303,Low,Clear,4.079365855762346,Bike,3.4595796032139594,2,11,124.33183298997041,0
8.839786059272635,Medium,Clear,20.6635875739499,Van,11.593109045727797,14,12,78.37535743353051,0
25.94663136566509,Low,Clear,6.258266820892007,Van,5.084548892592321,15,17,133.93921018205572,1
31.67147524726972,Low,Clear,16.480887264051933,Van,2.1462209312597085,3,6,99.97297997631348,0
35.71831858611699,High,Rain,10.427329993095578,Bike,12.868337778693599,1,12,129.15477585302278,0
28.863136807371877,High,Clear,15.103068089202356,Bike,4.632913488546948,10,18,157.1118631612793,1
2.4690006761208156,High,Clear,3.132538539408249,Van,9.882831063402634,8,17,83.54685134036221,1
17.670142795711612,High,Clear,0.9143635980793794,Bike,8.496655276299398,1,17,78.58644395063412,1
26.850158882466147,Low,Clear,22.78432847081738,Van,7.076344640863114,3,18,109.84269545330551,1
6.217591958952001,High,Rain,7.105935214795979,Van,7.4372920897280865,14,19,122.33325769732784,1
18.830092698040676,Low,Clear,20.582086568121248,Bike,10.983568711384313,3,17,60.69057837691747,1
3.593749221985595,High,Clear,24.984082361568905,Truck,1.3165937118516085,13,17,122.07432057715324,1
5.771767863440996,High,Rain,5.680065820973323,Truck,10.022709929368578,15,11,114.74873618468229,0
21.052317257676613,Medium,Clear,6.996683158992212,Van,13.43718152097868,2,15,70.14635472831027,0
8.370356194066897,High,Clear,16.74006479704931,Bike,0.8668229552979623,14,14,103.99765308697913,0
29.241960716554793,Medium,Clear,24.15349154771522,Bike,2.109800088505001,5,7,105.33607465614324,0
35.09431851858876,Low,Storm,22.937451530673226,Van,10.749479050530471,10,12,151.96503897233154,0
40.42816155723598,Medium,Clear,12.82045024160683,Bike,6.559224723669264,3,14,122.30166431148918,0
11.607211723750885,Medium,Clear,19.980201921904754,Truck,6.053229312205326,3,17,78.4205234128255,1
10.039163948435348,Low,Clear,3.825773400947576,Bike,2.0544995181635377,8,10,85.72534639266456,1
7.019256336051212,Medium,Clear,24.4472355129983,Van,7.601550610766822,4,6,53.59123132564095,0
32.54865197809456,High,Clear,24.12665423388167,Van,1.8981796679456586,4,20,128.8806719367912,1
35.91083487137126,Low,Clear,4.5113594680396885,Van,7.149306844658106,3,13,97.09797316503108,0
3.516134951630818,High,Clear,7.835866557676113,Bike,11.45422948442485,11,6,82.56216714552517,0
46.93818781969711,High,Storm,2.9537974389157897,Van,3.8739653683074526,1,18,187.54641371990868,1
4.494621615270676,High,Rain,7.157081173005403,Bike,7.21179252269591,8,6,67.54547372131643,0
27.982224094451382,High,Clear,20.49091684067256,Truck,14.880239540952536,15,10,158.60379071846754,1
36.034904933643986,Medium,Rain,9.768732375548858,Bike,10.29975635031056,1,21,102.80815077901798,0
43.80651793981211,High,Clear,2.6657256950955803,Truck,12.620351569577979,7,15,153.60877224452005,0
36.276172742356536,High,Clear,8.884525357083161,Truck,6.222714098408186,5,9,155.84535281775558,1
40.48294798735001,Low,Clear,24.543891688911362,Bike,11.51791384688783,4,6,116.38935345725037,0
18.293609242054693,Medium,Rain,15.927248083850472,Van,0.6076375941198275,4,13,97.36187672626198,0
41.11160545983259,Medium,Rain,10.695943186950865,Bike,1.8436677381336746,8,10,167.12540819313455,1
5.845512626464407,Low,Clear,4.580193580683115,Truck,3.046058893800932,11,7,81.26117342250785,0
44.951199490905324,Medium,Storm,24.66133153345052,Van,6.0292788692282935,11,22,196.58731654383612,0
28.28443405537934,Medium,Clear,20.610800726946653,Bike,12.686173174886447,13,12,128.47303394545514,0
41.2302929581997,Low,Rain,7.396193910047526,Van,5.193990761818958,14,22,143.63482419831814,0
23.71127765687841,Medium,Storm,2.216683045169142,Bike,9.819317902731942,6,11,106.07075080883101,0
32.8917293694332,High,Clear,1.8873261557501717,Truck,10.63971442205225,14,20,158.73440526342478,1
27.267327724933434,Medium,Rain,3.4492646628855788,Bike,8.79273531132512,12,10,133.0087529150385,1
37.11629704425593,Low,Clear,14.72883029855333,Van,5.358629522552043,1,20,123.88297418531997,1
5.9182391374683,Low,Clear,23.254703819534562,Van,8.655800125703164,14,11,70.09200390736382,0
4.896900031547062,Medium,Clear,12.670213986146619,Truck,5.133983891846193,10,7,83.6801006123573,0
13.86095523248703,High,Clear,21.15216432017683,Bike,1.2581060782801812,8,22,106.43595577741183,0
9.65814464543304,Low,Storm,11.424222186565292,Van,14.892059672790216,13,9,109.73637043399462,1
43.84561119642568,Medium,Rain,17.860296871311718,Van,1.9077368044876635,14,17,205.95363036886795,1
12.522271393186127,Low,Clear,18.43088206351927,Van,1.0852257575408601,2,7,67.04695325936707,0
48.8415322793183,Low,Rain,4.762110794631797,Bike,13.177961238107338,6,7,142.21083896554174,0
18.17099800501313,High,Storm,9.34979344490739,Bike,4.5275199133934265,9,19,148.46634429500878,1
10.741659953057566,Medium,Clear,16.113902835181584,Bike,9.754454611102615,1,20,68.5349046743578,1
39.905528342839,Low,Storm,2.2320669005169718,Van,4.935085944933492,6,7,133.37262351450067,0
33.61797322404205,Medium,Clear,9.357734600192437,Bike,5.871814061917068,8,9,134.5967252440177,1
25.91339438975067,Low,Rain,13.602586923889215,Van,3.9316945802519476,10,14,115.43309333888,0
28.657450445006297,Medium,Clear,24.907500079593646,Bike,5.145660086895153,13,12,127.697533450503,0
36.52168535706866,Medium,Clear,12.126072284249798,Truck,6.160506008798147,2,18,128.34746192014913,1
12.965827583902339,Low,Clear,20.493390549300926,Truck,10.806241036385144,5,17,87.03687632082017,1
49.82402797072361,Low,Clear,11.085648484132134,Van,7.673042913521877,6,8,158.71486970657205,1
48.79007178304559,Medium,Clear,20.011572704182868,Van,14.153478257354655,5,18,164.10735162081986,1
33.21563294465297,High,Clear,15.087662639692656,Bike,0.6282059075816326,3,20,153.2491502461967,1
11.578037644598966,High,Clear,22.22158831680876,Bike,7.546024839480422,4,19,92.64979201536146,1
34.65095563670198,Low,Storm,10.568092532577692,Bike,8.763371832475771,7,14,127.81000337547951,0
5.4655236310004405,High,Clear,15.305458285626232,Van,13.802954791114109,4,18,89.22904355079271,1
3.471320105878691,Medium,Clear,15.93545767516127,Van,0.7373778543214138,9,9,71.69849709805816,1
14.368778648538257,Medium,Clear,10.725882074111595,Truck,8.60249377402824,11,13,95.89290569333983,0
24.205901923487183,High,Clear,4.035645070343297,Van,12.804448927919356,12,8,134.52076139629713,1
43.67708025960226,High,Rain,2.792205469352221,Van,3.6289159217885487,14,7,193.50514869854214,0
36.90411534878278,High,Rain,0.908452989691011,Van,13.144385227859061,13,13,169.56722360919824,0
37.64991301759909,Medium,Clear,21.901589474007757,Van,0.28565113911437734,13,22,163.2875699016016,0
22.423680053507617,Medium,Clear,6.293635349848016,Bike,10.986819437005945,10,18,119.95532559574664,1
18.604879642254218,High,Rain,5.681915357403317,Van,13.996698317529795,2,12,90.70182831953969,0
19.80986062326093,Low,Clear,18.532867310438604,Van,9.857964924600934,5,14,72.66005473304857,0
49.40717905933077,Medium,Rain,8.340394770641097,Van,6.585438659706719,8,17,188.5593988873009,1
3.925241187799159,Medium,Clear,12.898094964089996,Truck,0.6732152470907704,14,19,110.71130519936601,1
43.61751181387753,Medium,Rain,4.481521099787679,Bike,13.80170719983943,5,19,140.0832620784779,1
29.776419611474886,Low,Clear,24.013770175818248,Bike,7.054443340373622,10,20,127.78235743191966,1
23.05354012110034,Low,Clear,21.363744300422315,Van,0.43495116503922016,12,8,122.68518323611177,1
36.812367699926554,High,Storm,21.66284576264258,Van,10.347316069931429,8,20,189.98857266389308,1
25.360109188385735,Low,Clear,10.465956840014128,Bike,7.2275588036438725,8,19,101.81976883923664,1
43.92431542791971,Medium,Clear,19.177849735825735,Van,1.865179761636161,9,13,152.07162468931514,0
45.233689472540405,Low,Clear,4.024965807049614,Truck,3.2140771396538934,10,10,157.20340705774737,1
22.24260448992586,Low,Clear,0.7111655634986168,Truck,0.9673602068376941,6,9,102.20055753982898,1
15.287734267282476,Low,Clear,0.9893368481616891,Bike,8.614403095628603,12,19,92.95500714242232,1
30.432815772481387,Low,Clear,14.871742566411731,Truck,9.330442188780138,4,21,93.86888844608922,0
45.79344058960117,High,Clear,11.65717517857455,Van,7.586134475331666,12,11,189.2751687642933,0
12.111785072271996,Low,Clear,13.191376048258734,Van,12.256531995039223,11,11,91.1252859238689,0
31.902396011047173,High,Rain,0.6828469402218754,Van,12.915132319620204,3,8,142.39716276555686,1
32.31489056444099,Medium,Clear,10.85582218160693,Truck,9.2343659502469,15,20,161.1749200487616,1
37.189425075933485,Medium,Clear,18.09266994942109,Van,0.1913471956114582,12,8,160.69798996946457,1
8.31524888610847,Medium,Rain,11.345995698202179,Van,10.428444836216034,14,16,97.8823548817804,0
36.35959830474025,Medium,Clear,18.439370554649447,Van,6.269988253805273,5,8,152.24631122845804,1
45.633560991950766,High,Clear,6.208964627722452,Van,8.483362248395805,6,15,174.36811728405667,0
10.624789225771615,Low,Clear,20.421979109802272,Bike,9.736209030283266,3,6,54.90250814879526,0
13.402079596346127,Medium,Clear,14.91656539110958,Truck,5.253549214906151,2,21,77.24901065337377,0
48.6269645139987,High,Clear,5.663695936032703,Van,13.756477577576915,7,21,167.2379804067244,0
10.686893730055509,High,Clear,6.299651658418907,Van,2.009623001246718,11,15,93.7190016385283,0
43.010484481739795,High,Clear,15.886746381953657,Bike,10.072677109215562,5,6,146.32751302349777,0
25.62933710950567,Medium,Clear,20.83352003370486,Van,0.06539369934870642,9,9,132.89693359346123,1
13.867091571352498,High,Clear,10.682880659714302,Bike,13.869766581077712,15,8,122.40516413975529,1
43.79599526108055,Medium,Clear,6.828360513626009,Bike,1.6875619985713723,3,10,139.6357684526748,1
23.374652240127944,Medium,Clear,21.74178436930971,Van,1.4232634522136194,14,17,149.95814444326,1
26.711232988625127,Low,Rain,16.897073147895455,Van,4.995114495783664,15,17,145.4916782328554,1
19.243201731188755,Medium,Clear,11.478094438435374,Van,5.603494290586209,8,18,107.02933817245068,1
30.461640868876515,Low,Clear,12.453554784342895,Bike,3.2145010848431794,6,17,108.0745402244853,1
9.849145884081093,Low,Clear,5.504283464441712,Van,8.77682491390687,4,21,47.43156013260246,0
20.771913759284516,High,Clear,15.856664436588677,Bike,6.643711470629453,12,18,148.90726985517477,1
48.5317914720938,Low,Clear,9.289191508300771,Truck,0.5126338356163113,12,10,182.52938482513426,1
14.390404769654122,Low,Clear,24.893306828521556,Van,4.794780933829509,15,9,115.7896475238883,1
33.523359897982026,Low,Rain,12.264496123916253,Van,12.156493703597558,9,20,152.8008549603736,1
17.609123082785352,High,Clear,12.404197351645523,Bike,10.34552302292803,5,17,114.43266175087162,1
39.12671003295683,Medium,Storm,14.363368791561461,Bike,10.873062803698208,15,16,181.10944944701058,0
8.281935714480792,Medium,Clear,22.960522076409294,Truck,10.471753861252854,10,11,86.24462033965823,0
48.55141016377014,High,Clear,20.120043446563884,Bike,4.6645953207455,6,14,163.29891404765198,0
23.781897986414684,High,Clear,11.552686710047116,Van,1.4949588311516382,14,6,136.5606932626466,0
13.33042224063027,Low,Clear,18.108132016333503,Van,4.08700776049644,15,17,110.52643415074645,1
5.5278438718406075,Medium,Clear,14.86276972012866,Bike,12.47677950277739,15,19,92.71599515913877,1
10.148379444201955,High,Clear,12.562992693180599,Truck,14.707061966746068,13,11,97.15971369419789,0
26.94914953068885,Medium,Clear,5.211736433216588,Van,7.40770522112342,9,6,116.81244585382207,0
18.176152468701744,Low,Storm,11.866438454644827,Bike,0.1455053238456333,7,7,99.80600152321608,0
41.786401562365256,High,Rain,6.522555382053079,Bike,2.1006721820134358,12,16,187.55100596101445,0
22.682601135766685,Medium,Clear,22.91363267136554,Bike,4.831208629743987,5,8,107.61325893555467,1
13.938285084206235,Low,Clear,8.7174669306605,Truck,8.678780228894245,2,15,53.62095458758256,0
31.62295935699344,Medium,Clear,23.83046835606762,Van,1.1264046870797095,4,11,110.51087916429763,0
35.9253064105014,Low,Clear,13.559854607320425,Bike,14.150359480648223,2,11,83.83845775019758,0
10.018011579245593,Low,Clear,15.972837277565928,Bike,5.476255099266011,3,7,54.79122936269638,0
10.045722381839248,High,Clear,13.80204088998853,Van,13.688763268872345,10,15,93.13200291235627,0
3.7602284928100627,Low,Clear,3.669825115684172,Van,11.707827041355326,12,11,56.305098885768444,0
37.34729672315075,Medium,Clear,9.707619865694554,Van,11.331559087733718,3,22,127.30164812880275,0
33.86261732584664,Medium,Storm,2.9290797508017863,Van,9.10079369673348,4,19,138.70159210951851,1
24.782282035991066,Low,Rain,15.762374082492853,Bike,9.40175725577767,6,10,112.88649133976183,1
42.520181550521464,High,Storm,11.448417782410754,Van,9.570048528243722,12,22,183.19217989485082,0
40.67216734160255,Low,Clear,19.56063180348795,Truck,9.430820805383732,3,7,116.27911710201245,0
30.097009491044105,Low,Clear,5.901526784484561,Bike,8.305923470975419,10,14,94.47352028041801,0
43.67702146463641,Low,Clear,4.531868431518705,Van,14.796210277243333,14,17,166.7073573188946,1
11.880378081764876,Low,Clear,10.45513965861231,Van,10.984358511385441,1,12,25.89083303481169,0
7.372141731090938,Low,Clear,23.201341888850337,Van,11.654195825887818,1,14,33.175148717965065,0
14.947981352815502,Medium,Rain,17.90533446780409,Bike,13.086942226255113,9,21,80.41271071333442,0
4.740169092287113,High,Clear,10.763628807426507,Truck,3.2345964408877377,9,16,81.76949795208864,0
27.496137344049536,Low,Clear,13.173168158980609,Van,1.2570623864259116,5,17,105.49077178991087,1
46.95707323015815,Medium,Clear,2.5632187738389094,Van,7.2434165489789795,9,20,179.96079073799743,1
3.888489952088463,Medium,Clear,24.62210946121477,Bike,7.7112104342890975,11,21,65.32161225833627,0
7.861275872481286,High,Clear,16.826978965025514,Bike,12.437726699248765,7,20,103.05267376593795,1
23.70555335760489,Medium,Clear,7.492399677353851,Bike,6.656753689235035,9,10,130.94184493718888,1
46.826000841339436,Low,Clear,14.852305658273487,Van,8.56279538316469,12,16,171.27474347379916,0
17.175493038884024,Low,Clear,3.182317968690352,Bike,7.906064077701875,7,20,80.10490934480784,1
26.347270817042837,Medium,Storm,24.162998385785798,Van,0.5730417563608659,9,18,163.64546894240146,1
3.9954972344188207,High,Clear,4.782232203142465,Van,9.22822344895371,15,9,111.1049415705605,1
9.120473646180265,Low,Rain,16.376742792352747,Van,12.420649286613784,2,22,45.9204799411429,0
49.35824590202465,Medium,Clear,6.513634332203796,Van,2.362508221137057,11,9,189.3728684945515,1
48.325697428930184,High,Clear,18.080253874889127,Van,8.914976008898936,11,21,176.0310727356453,0
2.2371190848516616,High,Clear,19.532123497386888,Bike,8.904158166696215,8,20,68.63077257502093,1
47.68696570031547,High,Clear,16.9987833583301,Bike,2.462774460845381,7,19,190.60375594280617,1
32.67775701514402,High,Clear,15.555236776252217,Van,1.8519536059610404,6,17,151.05564898250427,1
43.66007813696106,Medium,Rain,22.365492801824285,Van,14.700779144647273,5,8,153.3059363619241,1
23.827513070425237,Medium,Rain,2.426354419249072,Bike,5.9057875447955634,4,15,87.7433123444823,0
26.74860937180401,Medium,Clear,8.607411761614783,Van,3.4113259308529393,7,13,121.25144855597483,0
25.46463585233217,Low,Clear,6.583043250955726,Bike,2.569868166815624,3,11,80.98327180688955,0
34.00948436221301,Medium,Storm,24.70634207060283,Bike,10.014025703748526,8,19,151.27840729887134,1
8.70326022830302,Medium,Clear,10.040049601838401,Bike,9.141679459909183,2,22,35.851954994279886,0
3.4387323138885417,Low,Clear,18.44901113138977,Truck,9.653281844811263,1,21,28.964702664156047,0
16.780637196377164,High,Clear,17.275766515084612,Bike,1.3200904126717838,11,20,133.7191226489082,1
35.82467661135904,Medium,Rain,5.695990318195754,Bike,13.403018752476555,2,20,118.72889912739437,1
11.688965701901521,High,Storm,6.355443165183007,Bike,5.838995952135725,9,6,113.8853594915262,0
34.32475679959603,Low,Clear,7.391471807049336,Bike,4.700541096455369,5,17,117.25745672025568,1
48.55577821314898,Low,Rain,10.572618317354792,Van,6.935421708716088,11,15,166.0569383858505,0
6.507234357892083,Medium,Rain,6.240964108437907,Bike,5.850990986214423,8,19,65.65837048435026,1
34.284901674806065,Low,Clear,0.9814613272977712,Bike,12.953655047087189,3,15,88.18050208588234,0
23.300010526619417,Medium,Clear,22.045129891776288,Van,13.938914627968382,7,15,83.96180977478691,0
43.670828210120256,High,Clear,24.15744086883166,Bike,4.551798246744093,15,16,183.5982999169527,0
10.503189893474524,Low,Storm,8.868474482273415,Van,12.959037111899322,2,21,59.8324337696522,0
35.246045706855895,Medium,Clear,8.793418545924085,Van,11.722846942996007,8,14,115.6108562981581,0
42.22953390310929,Medium,Rain,0.6737494129720891,Bike,13.962115085171426,14,20,179.71643244525325,1
47.34148253475311,Medium,Clear,17.166141864094165,Van,3.6862546827883174,7,19,163.21860060348513,1
34.795905357902996,High,Rain,20.723277445841404,Bike,8.654387251814686,12,14,158.69713397687963,0
25.86438867240451,High,Clear,4.091903358820078,Van,4.118168771106669,5,9,137.06915962201717,1
31.656667529658264,Medium,Clear,4.411825559495194,Van,12.361417357265614,12,12,121.88767037734172,0
43.707439254978475,Medium,Rain,19.857039624300224,Bike,0.07986285856596387,11,13,163.97436001712157,0
29.389267838663827,Medium,Rain,15.599123334676545,Van,8.472287443295942,4,13,112.19300890513942,0
3.4585788654481693,High,Rain,1.599083661879067,Truck,5.08805146907877,1,20,86.4221317749494,1
46.685537384334935,Medium,Clear,15.7524012663259,Truck,4.840255606167304,5,21,164.91977904217075,0
35.09728404951493,Medium,Rain,8.068484209672269,Van,9.673594857973754,12,14,139.81014571243654,0
34.47264251730783,High,Clear,9.533766309035725,Van,12.77226673970991,9,17,149.1181626307431,1
12.352407315090424,Low,Clear,19.358419748273565,Bike,9.137930870899893,10,21,66.42971506896251,0
33.62650257116755,High,Clear,20.36791222047896,Bike,12.797594679700838,4,9,139.71012440011296,1
20.905491471399607,Low,Clear,10.30873735757585,Van,3.9689566782154495,13,10,111.26300065767946,1
33.25918289799162,Low,Clear,23.705246932155692,Van,7.7925278214747165,9,13,124.74152348774551,0
7.116465454783555,Low,Storm,10.45833658982577,Truck,6.7580480860061405,12,6,89.57198132653741,0
33.57657462094573,High,Clear,19.409982863137692,Van,0.17467349254644327,2,11,116.31538265817393,0
49.971858836992,High,Rain,12.354992981824347,Van,8.352182147111101,4,20,193.83479351665744,1
4.314177865306689,Medium,Clear,22.489541999791058,Van,9.922864862192624,9,9,85.60495489901746,1
48.904360842623234,Medium,Clear,22.740150469429377,Truck,8.878716066286051,4,16,162.80287875010464,0
21.53158211469779,Medium,Clear,2.6417117928415546,Van,11.044198481751323,5,10,82.52352261717164,1
43.79616561618844,High,Storm,23.44408661710053,Van,8.570092926796157,11,20,210.37599991797995,1
39.554503234797124,Medium,Rain,20.725603617250183,Bike,1.0012538227613539,8,18,164.46439997879222,1
29.216780527360054,Medium,Storm,19.887112500660336,Truck,1.7466828612706715,1,10,160.8957256337498,1
37.44556204406367,Low,Storm,5.4223278222952995,Bike,8.947118663159285,1,6,115.84674514438355,0
44.1687469424647,High,Clear,20.22542061448929,Truck,4.124687879604602,9,19,182.17825668060624,1
21.398735439249585,Medium,Clear,21.3282519997834,Van,1.1946769355214877,9,10,126.96028833589442,1
17.697591755035457,Medium,Rain,7.584183194126698,Van,6.444041151728202,4,11,97.9095828640087,0
34.04448250705207,Low,Clear,23.83037191987693,Van,8.314838971254831,13,21,141.35973205415428,0
40.77660521318041,High,Clear,1.721573586779524,Van,4.931189825244099,2,17,156.86051567879684,1
38.58968646927755,Low,Clear,4.172776704554922,Bike,10.80650553338667,13,7,130.8136365891608,0
40.295055145214455,Medium,Clear,13.6707378822621,Truck,9.65655912151867,9,18,143.56661380544148,1
22.907999111020786,High,Clear,14.606915542496587,Van,4.9922754163750795,14,22,138.72152979144917,0
41.25604237640104,Medium,Clear,16.306177040872136,Bike,11.32308793362841,4,22,124.83710694573871,0
7.770034657789205,Low,Clear,0.9157436682289282,Bike,9.730425637995532,6,21,38.35096862661121,0
28.135476702120776,Medium,Clear,24.02898597824219,Van,9.56168068076853,12,13,133.31564839235057,0
2.2764157039098354,High,Clear,1.5924082719865278,Van,8.30141551180602,1,8,60.51634261217055,1
17.580119835212976,Medium,Clear,4.005017841723358,Van,0.17084502132829193,12,22,101.99283822498668,0
19.590153673827096,High,Rain,0.8433556793883961,Van,10.447607752153337,9,11,125.34740814170092,0
21.01628919724426,Low,Clear,14.38803161570532,Van,5.640626866637347,5,13,75.45043609591887,0
35.38242592111338,Medium,Clear,23.34053865606382,Truck,14.139145652379833,15,18,169.21644161128089,1
20.650788860976597,Medium,Rain,16.815705568971374,Van,12.26977156615808,3,13,96.6816654278171,0
23.53729388588147,High,Clear,20.65510797777047,Truck,8.815417042969683,4,11,105.87365069675738,0
13.402118281967718,Low,Clear,0.825389484735212,Bike,3.782729727289041,1,20,47.79387210086412,1
19.916085998208324,High,Rain,13.77937481275329,Van,3.0557608991649987,14,15,154.05708290639677,0
12.90894210863127,Medium,Clear,11.759292948885285,Bike,5.105772565163237,9,22,74.6891110894768,0
5.513404340885295,Medium,Rain,12.72471463340943,Van,7.148519153700278,14,6,97.40378380216953,0
30.965532482306138,Low,Rain,2.2692230407121046,Truck,4.440982650584207,8,12,107.1630451501332,0
34.07421433064078,High,Clear,17.26866634619803,Bike,7.7239424308872415,4,18,121.80373805899987,1
31.735536608461494,Low,Clear,12.828900164036543,Bike,2.480556382697789,2,8,108.23769095663194,1
24.247714102427473,Low,Clear,19.246146821600966,Truck,14.6656921923825,14,20,126.32840344467898,1
20.229717448603033,Low,Clear,12.389620534512026,Bike,1.618868324474908,9,10,104.53570244773834,1
43.44001517944761,High,Clear,4.159850087547586,Van,13.979162094815582,4,16,157.83832167045267,0
